uid,true_label,pred_label,correct,confidence,cam_mean,cam_std,cam_max,cam_peak_row,cam_peak_col,frontal_path,lateral_path,heatmap_path
2719,chronic_lung_disease,normal,False,0.5668671727180481,0.0,0.0,0.0,0,0,PROJECT_ROOT\images_normalized\2719_IM-1182-1001.dcm.png,PROJECT_ROOT\images_normalized\2719_IM-1182-2001.dcm.png,PROJECT_ROOT\Experiments\outputs\experiment_06_gradcam_interpretability\heatmaps\incorrect\chronic_lung_disease\2719_gradcam.png
3037,normal,normal,True,0.9977364540100098,0.05186861753463745,0.15414878726005554,0.9999992251396179,112,111,PROJECT_ROOT\images_normalized\3037_IM-1410-1001.dcm.png,PROJECT_ROOT\images_normalized\3037_IM-1410-2001.dcm.png,PROJECT_ROOT\Experiments\outputs\experiment_06_gradcam_interpretability\heatmaps\correct\normal\3037_gradcam.png
840,pneumonia_or_opacity,normal,False,0.8777149319648743,0.0,0.0,0.0,0,0,PROJECT_ROOT\images_normalized\840_IM-2364-0001-0002.dcm.png,PROJECT_ROOT\images_normalized\840_IM-2364-0001-0001.dcm.png,PROJECT_ROOT\Experiments\outputs\experiment_06_gradcam_interpretability\heatmaps\incorrect\pneumonia_or_opacity\840_gradcam.png
3485,normal,normal,True,0.9336017966270447,0.0,0.0,0.0,0,0,PROJECT_ROOT\images_normalized\3485_IM-1694-2002.dcm.png,PROJECT_ROOT\images_normalized\3485_IM-1694-3003.dcm.png,PROJECT_ROOT\Experiments\outputs\experiment_06_gradcam_interpretability\heatmaps\correct\normal\3485_gradcam.png
2664,pleural_effusion,normal,False,0.9999251365661621,0.0,0.0,0.0,0,0,PROJECT_ROOT\images_normalized\2664_IM-1145-1001.dcm.png,PROJECT_ROOT\images_normalized\2664_IM-1145-2001.dcm.png,PROJECT_ROOT\Experiments\outputs\experiment_06_gradcam_interpretability\heatmaps\incorrect\pleural_effusion\2664_gradcam.png
3184,normal,normal,True,0.867493212223053,0.0,0.0,0.0,0,0,PROJECT_ROOT\images_normalized\3184_IM-1503-1001.dcm.png,PROJECT_ROOT\images_normalized\3184_IM-1503-2001.dcm.png,PROJECT_ROOT\Experiments\outputs\experiment_06_gradcam_interpretability\heatmaps\correct\normal\3184_gradcam.png
2353,normal,normal,True,0.9995916485786438,0.0,0.0,0.0,0,0,PROJECT_ROOT\images_normalized\2353_IM-0918-1001.dcm.png,PROJECT_ROOT\images_normalized\2353_IM-0918-2001.dcm.png,PROJECT_ROOT\Experiments\outputs\experiment_06_gradcam_interpretability\heatmaps\correct\normal\2353_gradcam.png
1240,pneumonia_or_opacity,pleural_effusion,False,0.9309471845626831,0.1605582982301712,0.2417915314435959,0.9999995827674866,47,111,PROJECT_ROOT\images_normalized\1240_IM-0162-4001.dcm.png,PROJECT_ROOT\images_normalized\1240_IM-0162-2001.dcm.png,PROJECT_ROOT\Experiments\outputs\experiment_06_gradcam_interpretability\heatmaps\incorrect\pneumonia_or_opacity\1240_gradcam.png
3983,pneumonia_or_opacity,normal,False,0.9508925676345825,0.0,0.0,0.0,0,0,PROJECT_ROOT\images_normalized\3983_IM-2039-1001.dcm.png,PROJECT_ROOT\images_normalized\3983_IM-2039-2001.dcm.png,PROJECT_ROOT\Experiments\outputs\experiment_06_gradcam_interpretability\heatmaps\incorrect\pneumonia_or_opacity\3983_gradcam.png
3858,normal,normal,True,0.9759628772735596,0.0,0.0,0.0,0,0,PROJECT_ROOT\images_normalized\3858_IM-1953-4004.dcm.png,PROJECT_ROOT\images_normalized\3858_IM-1953-1001.dcm.png,PROJECT_ROOT\Experiments\outputs\experiment_06_gradcam_interpretability\heatmaps\correct\normal\3858_gradcam.png
2078,normal,normal,True,0.9996030926704407,0.0,0.0,0.0,0,0,PROJECT_ROOT\images_normalized\2078_IM-0710-1001.dcm.png,PROJECT_ROOT\images_normalized\2078_IM-0710-2001.dcm.png,PROJECT_ROOT\Experiments\outputs\experiment_06_gradcam_interpretability\heatmaps\correct\normal\2078_gradcam.png
3508,pleural_effusion,pneumonia_or_opacity,False,0.9922303557395935,0.03747134283185005,0.11853007972240448,0.999998927116394,47,80,PROJECT_ROOT\images_normalized\3508_IM-1710-1001.dcm.png,PROJECT_ROOT\images_normalized\3508_IM-1710-2001.dcm.png,PROJECT_ROOT\Experiments\outputs\experiment_06_gradcam_interpretability\heatmaps\incorrect\pleural_effusion\3508_gradcam.png
2050,pneumonia_or_opacity,normal,False,0.5591795444488525,0.0,0.0,0.0,0,0,PROJECT_ROOT\images_normalized\2050_IM-0690-1001.dcm.png,PROJECT_ROOT\images_normalized\2050_IM-0690-2001.dcm.png,PROJECT_ROOT\Experiments\outputs\experiment_06_gradcam_interpretability\heatmaps\incorrect\pneumonia_or_opacity\2050_gradcam.png
2185,pneumonia_or_opacity,normal,False,0.9963713884353638,0.0,0.0,0.0,0,0,PROJECT_ROOT\images_normalized\2185_IM-0795-1001.dcm.png,PROJECT_ROOT\images_normalized\2185_IM-0795-2001.dcm.png,PROJECT_ROOT\Experiments\outputs\experiment_06_gradcam_interpretability\heatmaps\incorrect\pneumonia_or_opacity\2185_gradcam.png
2577,pneumonia_or_opacity,normal,False,0.999289870262146,0.0,0.0,0.0,0,0,PROJECT_ROOT\images_normalized\2577_IM-1077-1001.dcm.png,PROJECT_ROOT\images_normalized\2577_IM-1077-2001.dcm.png,PROJECT_ROOT\Experiments\outputs\experiment_06_gradcam_interpretability\heatmaps\incorrect\pneumonia_or_opacity\2577_gradcam.png
1270,normal,normal,True,0.9999151229858398,0.0,0.0,0.0,0,0,PROJECT_ROOT\images_normalized\1270_IM-0181-1001.dcm.png,PROJECT_ROOT\images_normalized\1270_IM-0181-2001.dcm.png,PROJECT_ROOT\Experiments\outputs\experiment_06_gradcam_interpretability\heatmaps\correct\normal\1270_gradcam.png
545,pneumonia_or_opacity,normal,False,0.5732508897781372,0.0,0.0,0.0,0,0,PROJECT_ROOT\images_normalized\545_IM-2149-1001.dcm.png,PROJECT_ROOT\images_normalized\545_IM-2149-2001.dcm.png,PROJECT_ROOT\Experiments\outputs\experiment_06_gradcam_interpretability\heatmaps\incorrect\pneumonia_or_opacity\545_gradcam.png
1529,normal,normal,True,0.982559084892273,0.0,0.0,0.0,0,0,PROJECT_ROOT\images_normalized\1529_IM-0342-0001-0001.dcm.png,PROJECT_ROOT\images_normalized\1529_IM-0342-0001-0002.dcm.png,PROJECT_ROOT\Experiments\outputs\experiment_06_gradcam_interpretability\heatmaps\correct\normal\1529_gradcam.png
3132,normal,normal,True,0.9996874332427979,0.0,0.0,0.0,0,0,PROJECT_ROOT\images_normalized\3132_IM-1473-1001.dcm.png,PROJECT_ROOT\images_normalized\3132_IM-1473-2001.dcm.png,PROJECT_ROOT\Experiments\outputs\experiment_06_gradcam_interpretability\heatmaps\correct\normal\3132_gradcam.png
2010,normal,normal,True,0.9990724325180054,0.0,0.0,0.0,0,0,PROJECT_ROOT\images_normalized\2010_IM-0661-1001.dcm.png,PROJECT_ROOT\images_normalized\2010_IM-0661-1002.dcm.png,PROJECT_ROOT\Experiments\outputs\experiment_06_gradcam_interpretability\heatmaps\correct\normal\2010_gradcam.png
3581,normal,normal,True,0.9996423721313477,0.0,0.0,0.0,0,0,PROJECT_ROOT\images_normalized\3581_IM-1761-1001.dcm.png,PROJECT_ROOT\images_normalized\3581_IM-1761-3001.dcm.png,PROJECT_ROOT\Experiments\outputs\experiment_06_gradcam_interpretability\heatmaps\correct\normal\3581_gradcam.png
2236,normal,normal,True,0.5993120074272156,0.0,0.0,0.0,0,0,PROJECT_ROOT\images_normalized\2236_IM-0833-1001.dcm.png,PROJECT_ROOT\images_normalized\2236_IM-0833-2002.dcm.png,PROJECT_ROOT\Experiments\outputs\experiment_06_gradcam_interpretability\heatmaps\correct\normal\2236_gradcam.png
929,chronic_lung_disease,normal,False,0.9613029956817627,0.0,0.0,0.0,0,0,PROJECT_ROOT\images_normalized\929_IM-2427-1001.dcm.png,PROJECT_ROOT\images_normalized\929_IM-2427-2001.dcm.png,PROJECT_ROOT\Experiments\outputs\experiment_06_gradcam_interpretability\heatmaps\incorrect\chronic_lung_disease\929_gradcam.png
3766,normal,normal,True,0.9937846660614014,0.0,0.0,0.0,0,0,PROJECT_ROOT\images_normalized\3766_IM-1885-1001.dcm.png,PROJECT_ROOT\images_normalized\3766_IM-1885-2001.dcm.png,PROJECT_ROOT\Experiments\outputs\experiment_06_gradcam_interpretability\heatmaps\correct\normal\3766_gradcam.png
3961,pneumonia_or_opacity,normal,False,0.9755915999412537,0.0,0.0,0.0,0,0,PROJECT_ROOT\images_normalized\3961_IM-2026-1001.dcm.png,PROJECT_ROOT\images_normalized\3961_IM-2026-2001.dcm.png,PROJECT_ROOT\Experiments\outputs\experiment_06_gradcam_interpretability\heatmaps\incorrect\pneumonia_or_opacity\3961_gradcam.png
1410,normal,normal,True,0.9750069975852966,0.0,0.0,0.0,0,0,PROJECT_ROOT\images_normalized\1410_IM-0260-1001.dcm.png,PROJECT_ROOT\images_normalized\1410_IM-0260-1002.dcm.png,PROJECT_ROOT\Experiments\outputs\experiment_06_gradcam_interpretability\heatmaps\correct\normal\1410_gradcam.png
1944,normal,normal,True,0.8431225419044495,0.0,0.0,0.0,0,0,PROJECT_ROOT\images_normalized\1944_IM-0613-1001.dcm.png,PROJECT_ROOT\images_normalized\1944_IM-0613-2001.dcm.png,PROJECT_ROOT\Experiments\outputs\experiment_06_gradcam_interpretability\heatmaps\correct\normal\1944_gradcam.png
1521,normal,normal,True,0.9971498847007751,0.0,0.0,0.0,0,0,PROJECT_ROOT\images_normalized\1521_IM-0337-3001.dcm.png,PROJECT_ROOT\images_normalized\1521_IM-0337-2001.dcm.png,PROJECT_ROOT\Experiments\outputs\experiment_06_gradcam_interpretability\heatmaps\correct\normal\1521_gradcam.png
1371,pleural_effusion,normal,False,0.9499024748802185,0.0,0.0,0.0,0,0,PROJECT_ROOT\images_normalized\1371_IM-0239-1001.dcm.png,PROJECT_ROOT\images_normalized\1371_IM-0239-2001.dcm.png,PROJECT_ROOT\Experiments\outputs\experiment_06_gradcam_interpretability\heatmaps\incorrect\pleural_effusion\1371_gradcam.png
1794,normal,normal,True,0.9998477697372437,0.0,0.0,0.0,0,0,PROJECT_ROOT\images_normalized\1794_IM-0515-1001.dcm.png,PROJECT_ROOT\images_normalized\1794_IM-0515-2001.dcm.png,PROJECT_ROOT\Experiments\outputs\experiment_06_gradcam_interpretability\heatmaps\correct\normal\1794_gradcam.png
961,pneumonia_or_opacity,normal,False,0.9686055183410645,0.0,0.0,0.0,0,0,PROJECT_ROOT\images_normalized\961_IM-2452-84646001.dcm.png,PROJECT_ROOT\images_normalized\961_IM-2452-84646002.dcm.png,PROJECT_ROOT\Experiments\outputs\experiment_06_gradcam_interpretability\heatmaps\incorrect\pneumonia_or_opacity\961_gradcam.png
1677,normal,normal,True,0.993722140789032,0.0,0.0,0.0,0,0,PROJECT_ROOT\images_normalized\1677_IM-0446-1001.dcm.png,PROJECT_ROOT\images_normalized\1677_IM-0446-2001.dcm.png,PROJECT_ROOT\Experiments\outputs\experiment_06_gradcam_interpretability\heatmaps\correct\normal\1677_gradcam.png
3808,normal,normal,True,0.7411892414093018,0.0,0.0,0.0,0,0,PROJECT_ROOT\images_normalized\3808_IM-1918-1001.dcm.png,PROJECT_ROOT\images_normalized\3808_IM-1918-1002.dcm.png,PROJECT_ROOT\Experiments\outputs\experiment_06_gradcam_interpretability\heatmaps\correct\normal\3808_gradcam.png
2716,pleural_effusion,cardiomegaly,False,0.6438494920730591,0.291698694229126,0.2844736874103546,0.9999998211860657,0,175,PROJECT_ROOT\images_normalized\2716_IM-1181-1001.dcm.png,PROJECT_ROOT\images_normalized\2716_IM-1181-2001.dcm.png,PROJECT_ROOT\Experiments\outputs\experiment_06_gradcam_interpretability\heatmaps\incorrect\pleural_effusion\2716_gradcam.png
887,normal,normal,True,0.9827035665512085,0.0,0.0,0.0,0,0,PROJECT_ROOT\images_normalized\887_IM-2400-1001.dcm.png,PROJECT_ROOT\images_normalized\887_IM-2400-2001.dcm.png,PROJECT_ROOT\Experiments\outputs\experiment_06_gradcam_interpretability\heatmaps\correct\normal\887_gradcam.png
2617,normal,normal,True,0.996383786201477,0.0,0.0,0.0,0,0,PROJECT_ROOT\images_normalized\2617_IM-1106-1001.dcm.png,PROJECT_ROOT\images_normalized\2617_IM-1106-2001.dcm.png,PROJECT_ROOT\Experiments\outputs\experiment_06_gradcam_interpretability\heatmaps\correct\normal\2617_gradcam.png
3994,cardiomegaly,normal,False,0.5964340567588806,0.09759283810853958,0.20563416182994843,0.9999997615814209,111,176,PROJECT_ROOT\images_normalized\3994_IM-2045-2001.dcm.png,PROJECT_ROOT\images_normalized\3994_IM-2045-1001.dcm.png,PROJECT_ROOT\Experiments\outputs\experiment_06_gradcam_interpretability\heatmaps\incorrect\cardiomegaly\3994_gradcam.png
2218,cardiomegaly,normal,False,0.5676999688148499,0.021059559658169746,0.09597047418355942,0.9999229311943054,143,111,PROJECT_ROOT\images_normalized\2218_IM-0823-2001.dcm.png,PROJECT_ROOT\images_normalized\2218_IM-0823-1001.dcm.png,PROJECT_ROOT\Experiments\outputs\experiment_06_gradcam_interpretability\heatmaps\incorrect\cardiomegaly\2218_gradcam.png
1992,cardiomegaly,normal,False,0.971917450428009,0.0,0.0,0.0,0,0,PROJECT_ROOT\images_normalized\1992_IM-0649-4004.dcm.png,PROJECT_ROOT\images_normalized\1992_IM-0649-1001.dcm.png,PROJECT_ROOT\Experiments\outputs\experiment_06_gradcam_interpretability\heatmaps\incorrect\cardiomegaly\1992_gradcam.png
734,normal,pneumonia_or_opacity,False,0.8830878734588623,0.2909931242465973,0.2810121476650238,0.9999999403953552,48,47,PROJECT_ROOT\images_normalized\734_IM-2293-0001-0002.dcm.png,PROJECT_ROOT\images_normalized\734_IM-2293-0001-0001.dcm.png,PROJECT_ROOT\Experiments\outputs\experiment_06_gradcam_interpretability\heatmaps\incorrect\normal\734_gradcam.png
2435,normal,cardiomegaly,False,0.80300372838974,0.43199968338012695,0.27987146377563477,0.9999999403953552,80,80,PROJECT_ROOT\images_normalized\2435_IM-0976-1001.dcm.png,PROJECT_ROOT\images_normalized\2435_IM-0976-2001.dcm.png,PROJECT_ROOT\Experiments\outputs\experiment_06_gradcam_interpretability\heatmaps\incorrect\normal\2435_gradcam.png
765,normal,normal,True,0.9991126656532288,0.0,0.0,0.0,0,0,PROJECT_ROOT\images_normalized\765_IM-2311-2001.dcm.png,PROJECT_ROOT\images_normalized\765_IM-2311-3001.dcm.png,PROJECT_ROOT\Experiments\outputs\experiment_06_gradcam_interpretability\heatmaps\correct\normal\765_gradcam.png
426,normal,cardiomegaly,False,0.5617222785949707,0.33177873492240906,0.28725600242614746,0.9999998807907104,176,47,PROJECT_ROOT\images_normalized\426_IM-2069-4004.dcm.png,PROJECT_ROOT\images_normalized\426_IM-2069-3001.dcm.png,PROJECT_ROOT\Experiments\outputs\experiment_06_gradcam_interpretability\heatmaps\incorrect\normal\426_gradcam.png
1973,normal,cardiomegaly,False,0.5285224318504333,0.3680858910083771,0.2365596890449524,0.9999999403953552,176,48,PROJECT_ROOT\images_normalized\1973_IM-0633-1001.dcm.png,PROJECT_ROOT\images_normalized\1973_IM-0633-1002.dcm.png,PROJECT_ROOT\Experiments\outputs\experiment_06_gradcam_interpretability\heatmaps\incorrect\normal\1973_gradcam.png
3322,normal,normal,True,0.9993707537651062,0.0,0.0,0.0,0,0,PROJECT_ROOT\images_normalized\3322_IM-1588-1001.dcm.png,PROJECT_ROOT\images_normalized\3322_IM-1588-1002.dcm.png,PROJECT_ROOT\Experiments\outputs\experiment_06_gradcam_interpretability\heatmaps\correct\normal\3322_gradcam.png
1220,chronic_lung_disease,normal,False,0.7700773477554321,0.0,0.0,0.0,0,0,PROJECT_ROOT\images_normalized\1220_IM-0148-1001.dcm.png,PROJECT_ROOT\images_normalized\1220_IM-0148-2001.dcm.png,PROJECT_ROOT\Experiments\outputs\experiment_06_gradcam_interpretability\heatmaps\incorrect\chronic_lung_disease\1220_gradcam.png
2336,normal,cardiomegaly,False,0.6118083000183105,0.36399000883102417,0.2896178960800171,0.9999999403953552,175,143,PROJECT_ROOT\images_normalized\2336_IM-0903-3001.dcm.png,PROJECT_ROOT\images_normalized\2336_IM-0903-2001.dcm.png,PROJECT_ROOT\Experiments\outputs\experiment_06_gradcam_interpretability\heatmaps\incorrect\normal\2336_gradcam.png
3163,normal,normal,True,0.9974641799926758,0.021060729399323463,0.09597582370042801,0.9999784231185913,111,175,PROJECT_ROOT\images_normalized\3163_IM-1488-1001.dcm.png,PROJECT_ROOT\images_normalized\3163_IM-1488-2001.dcm.png,PROJECT_ROOT\Experiments\outputs\experiment_06_gradcam_interpretability\heatmaps\correct\normal\3163_gradcam.png
3190,pneumonia_or_opacity,normal,False,0.9968900084495544,0.0,0.0,0.0,0,0,PROJECT_ROOT\images_normalized\3190_IM-1505-1001.dcm.png,PROJECT_ROOT\images_normalized\3190_IM-1505-2001.dcm.png,PROJECT_ROOT\Experiments\outputs\experiment_06_gradcam_interpretability\heatmaps\incorrect\pneumonia_or_opacity\3190_gradcam.png
3580,normal,normal,True,0.9961726069450378,0.0,0.0,0.0,0,0,PROJECT_ROOT\images_normalized\3580_IM-1760-1001.dcm.png,PROJECT_ROOT\images_normalized\3580_IM-1760-2001.dcm.png,PROJECT_ROOT\Experiments\outputs\experiment_06_gradcam_interpretability\heatmaps\correct\normal\3580_gradcam.png
3375,normal,normal,True,0.999942421913147,0.0,0.0,0.0,0,0,PROJECT_ROOT\images_normalized\3375_IM-1624-1001.dcm.png,PROJECT_ROOT\images_normalized\3375_IM-1624-1003.dcm.png,PROJECT_ROOT\Experiments\outputs\experiment_06_gradcam_interpretability\heatmaps\correct\normal\3375_gradcam.png
3823,normal,normal,True,0.999733030796051,0.0,0.0,0.0,0,0,PROJECT_ROOT\images_normalized\3823_IM-1930-1001.dcm.png,PROJECT_ROOT\images_normalized\3823_IM-1930-2001.dcm.png,PROJECT_ROOT\Experiments\outputs\experiment_06_gradcam_interpretability\heatmaps\correct\normal\3823_gradcam.png
2079,normal,normal,True,0.9997566342353821,0.0,0.0,0.0,0,0,PROJECT_ROOT\images_normalized\2079_IM-0711-1001.dcm.png,PROJECT_ROOT\images_normalized\2079_IM-0711-2001.dcm.png,PROJECT_ROOT\Experiments\outputs\experiment_06_gradcam_interpretability\heatmaps\correct\normal\2079_gradcam.png
1702,cardiomegaly,normal,False,0.9999709129333496,0.0,0.0,0.0,0,0,PROJECT_ROOT\images_normalized\1702_IM-0463-1001.dcm.png,PROJECT_ROOT\images_normalized\1702_IM-0463-2001.dcm.png,PROJECT_ROOT\Experiments\outputs\experiment_06_gradcam_interpretability\heatmaps\incorrect\cardiomegaly\1702_gradcam.png
2312,normal,normal,True,0.9979701638221741,0.1165342926979065,0.24241559207439423,0.9999996423721313,144,112,PROJECT_ROOT\images_normalized\2312_IM-0887-1001.dcm.png,PROJECT_ROOT\images_normalized\2312_IM-0887-2001.dcm.png,PROJECT_ROOT\Experiments\outputs\experiment_06_gradcam_interpretability\heatmaps\correct\normal\2312_gradcam.png
382,chronic_lung_disease,pneumonia_or_opacity,False,0.8675416111946106,0.10745608061552048,0.2176809310913086,0.9999997615814209,47,80,PROJECT_ROOT\images_normalized\382_IM-1927-1001.dcm.png,PROJECT_ROOT\images_normalized\382_IM-1927-2001.dcm.png,PROJECT_ROOT\Experiments\outputs\experiment_06_gradcam_interpretability\heatmaps\incorrect\chronic_lung_disease\382_gradcam.png
2836,cardiomegaly,cardiomegaly,True,0.9842371344566345,0.3525479733943939,0.2701212763786316,0.9999999403953552,112,80,PROJECT_ROOT\images_normalized\2836_IM-1252-1001.dcm.png,PROJECT_ROOT\images_normalized\2836_IM-1252-2001.dcm.png,PROJECT_ROOT\Experiments\outputs\experiment_06_gradcam_interpretability\heatmaps\correct\cardiomegaly\2836_gradcam.png
2995,normal,normal,True,0.999630331993103,0.0,0.0,0.0,0,0,PROJECT_ROOT\images_normalized\2995_IM-1381-1001.dcm.png,PROJECT_ROOT\images_normalized\2995_IM-1381-2001.dcm.png,PROJECT_ROOT\Experiments\outputs\experiment_06_gradcam_interpretability\heatmaps\correct\normal\2995_gradcam.png
3807,normal,normal,True,0.8245710730552673,0.0,0.0,0.0,0,0,PROJECT_ROOT\images_normalized\3807_IM-1917-1001.dcm.png,PROJECT_ROOT\images_normalized\3807_IM-1917-2001.dcm.png,PROJECT_ROOT\Experiments\outputs\experiment_06_gradcam_interpretability\heatmaps\correct\normal\3807_gradcam.png
2690,normal,normal,True,0.9996452331542969,0.10003143548965454,0.21832995116710663,0.9999995231628418,112,111,PROJECT_ROOT\images_normalized\2690_IM-1162-1003002.dcm.png,PROJECT_ROOT\images_normalized\2690_IM-1162-1004003.dcm.png,PROJECT_ROOT\Experiments\outputs\experiment_06_gradcam_interpretability\heatmaps\correct\normal\2690_gradcam.png
1949,pleural_effusion,pleural_effusion,True,0.9886049032211304,0.3706181049346924,0.28289303183555603,0.9999998211860657,144,112,PROJECT_ROOT\images_normalized\1949_IM-0617-0001.dcm.png,PROJECT_ROOT\images_normalized\1949_IM-0617-2001.dcm.png,PROJECT_ROOT\Experiments\outputs\experiment_06_gradcam_interpretability\heatmaps\correct\pleural_effusion\1949_gradcam.png
3439,normal,normal,True,0.9997861981391907,0.0,0.0,0.0,0,0,PROJECT_ROOT\images_normalized\3439_IM-1664-1001.dcm.png,PROJECT_ROOT\images_normalized\3439_IM-1664-2001.dcm.png,PROJECT_ROOT\Experiments\outputs\experiment_06_gradcam_interpretability\heatmaps\correct\normal\3439_gradcam.png
703,pleural_effusion,normal,False,0.9984675049781799,0.0,0.0,0.0,0,0,PROJECT_ROOT\images_normalized\703_IM-2267-1001.dcm.png,PROJECT_ROOT\images_normalized\703_IM-2267-3001.dcm.png,PROJECT_ROOT\Experiments\outputs\experiment_06_gradcam_interpretability\heatmaps\incorrect\pleural_effusion\703_gradcam.png
3094,normal,normal,True,0.7924928069114685,0.03923654183745384,0.1278630942106247,0.9999911189079285,112,143,PROJECT_ROOT\images_normalized\3094_IM-1447-2001.dcm.png,PROJECT_ROOT\images_normalized\3094_IM-1447-3001.dcm.png,PROJECT_ROOT\Experiments\outputs\experiment_06_gradcam_interpretability\heatmaps\correct\normal\3094_gradcam.png
984,pneumonia_or_opacity,pneumonia_or_opacity,True,0.9877825379371643,0.15810365974903107,0.26583364605903625,0.9999998807907104,48,47,PROJECT_ROOT\images_normalized\984_IM-2471-1001.dcm.png,PROJECT_ROOT\images_normalized\984_IM-2471-3001.dcm.png,PROJECT_ROOT\Experiments\outputs\experiment_06_gradcam_interpretability\heatmaps\correct\pneumonia_or_opacity\984_gradcam.png
2937,normal,normal,True,0.9981332421302795,0.08661915361881256,0.20977307856082916,0.9999996423721313,143,80,PROJECT_ROOT\images_normalized\2937_IM-1339-1001.dcm.png,PROJECT_ROOT\images_normalized\2937_IM-1339-2001.dcm.png,PROJECT_ROOT\Experiments\outputs\experiment_06_gradcam_interpretability\heatmaps\correct\normal\2937_gradcam.png
1556,pneumonia_or_opacity,normal,False,0.6134213209152222,0.0,0.0,0.0,0,0,PROJECT_ROOT\images_normalized\1556_IM-0363-1001.dcm.png,PROJECT_ROOT\images_normalized\1556_IM-0363-2001.dcm.png,PROJECT_ROOT\Experiments\outputs\experiment_06_gradcam_interpretability\heatmaps\incorrect\pneumonia_or_opacity\1556_gradcam.png
3467,normal,normal,True,0.9896326065063477,0.0,0.0,0.0,0,0,PROJECT_ROOT\images_normalized\3467_IM-1684-0001-0001.dcm.png,PROJECT_ROOT\images_normalized\3467_IM-1684-0001-0002.dcm.png,PROJECT_ROOT\Experiments\outputs\experiment_06_gradcam_interpretability\heatmaps\correct\normal\3467_gradcam.png
2770,normal,normal,True,0.9751709699630737,0.0,0.0,0.0,0,0,PROJECT_ROOT\images_normalized\2770_IM-1213-1001.dcm.png,PROJECT_ROOT\images_normalized\2770_IM-1213-2001.dcm.png,PROJECT_ROOT\Experiments\outputs\experiment_06_gradcam_interpretability\heatmaps\correct\normal\2770_gradcam.png
3412,normal,normal,True,0.99980229139328,0.046407535672187805,0.14653967320919037,0.9999993443489075,80,143,PROJECT_ROOT\images_normalized\3412_IM-1650-1001-0001.dcm.png,PROJECT_ROOT\images_normalized\3412_IM-1650-1001-0002.dcm.png,PROJECT_ROOT\Experiments\outputs\experiment_06_gradcam_interpretability\heatmaps\correct\normal\3412_gradcam.png
588,normal,normal,True,0.9994614720344543,0.03128749132156372,0.11018110811710358,0.9999977350234985,143,143,PROJECT_ROOT\images_normalized\588_IM-2183-1001.dcm.png,PROJECT_ROOT\images_normalized\588_IM-2183-2001.dcm.png,PROJECT_ROOT\Experiments\outputs\experiment_06_gradcam_interpretability\heatmaps\correct\normal\588_gradcam.png
2517,normal,normal,True,0.9941383600234985,0.1073218435049057,0.22101923823356628,0.9999995231628418,143,80,PROJECT_ROOT\images_normalized\2517_IM-1036-1001.dcm.png,PROJECT_ROOT\images_normalized\2517_IM-1036-2001.dcm.png,PROJECT_ROOT\Experiments\outputs\experiment_06_gradcam_interpretability\heatmaps\correct\normal\2517_gradcam.png
659,normal,normal,True,0.7446048855781555,0.0,0.0,0.0,0,0,PROJECT_ROOT\images_normalized\659_IM-2235-1001.dcm.png,PROJECT_ROOT\images_normalized\659_IM-2235-2001.dcm.png,PROJECT_ROOT\Experiments\outputs\experiment_06_gradcam_interpretability\heatmaps\correct\normal\659_gradcam.png
3018,normal,normal,True,0.9885793924331665,0.0,0.0,0.0,0,0,PROJECT_ROOT\images_normalized\3018_IM-1393-1001.dcm.png,PROJECT_ROOT\images_normalized\3018_IM-1393-1002.dcm.png,PROJECT_ROOT\Experiments\outputs\experiment_06_gradcam_interpretability\heatmaps\correct\normal\3018_gradcam.png
166,normal,normal,True,0.9992274045944214,0.026519745588302612,0.10396216064691544,0.9999985098838806,143,80,PROJECT_ROOT\images_normalized\166_IM-0435-2002.dcm.png,PROJECT_ROOT\images_normalized\166_IM-0435-3003.dcm.png,PROJECT_ROOT\Experiments\outputs\experiment_06_gradcam_interpretability\heatmaps\correct\normal\166_gradcam.png
1877,normal,normal,True,0.999629020690918,0.03182539716362953,0.1165178194642067,0.9999985694885254,80,143,PROJECT_ROOT\images_normalized\1877_IM-0568-1001.dcm.png,PROJECT_ROOT\images_normalized\1877_IM-0568-2001.dcm.png,PROJECT_ROOT\Experiments\outputs\experiment_06_gradcam_interpretability\heatmaps\correct\normal\1877_gradcam.png
1103,normal,normal,True,0.9994307160377502,0.0,0.0,0.0,0,0,PROJECT_ROOT\images_normalized\1103_IM-0070-1001.dcm.png,PROJECT_ROOT\images_normalized\1103_IM-0070-2001.dcm.png,PROJECT_ROOT\Experiments\outputs\experiment_06_gradcam_interpretability\heatmaps\correct\normal\1103_gradcam.png
2680,normal,normal,True,0.9996316432952881,0.0,0.0,0.0,0,0,PROJECT_ROOT\images_normalized\2680_IM-1154-1001.dcm.png,PROJECT_ROOT\images_normalized\2680_IM-1154-3001.dcm.png,PROJECT_ROOT\Experiments\outputs\experiment_06_gradcam_interpretability\heatmaps\correct\normal\2680_gradcam.png
1177,normal,normal,True,0.327815443277359,0.0,0.0,0.0,0,0,PROJECT_ROOT\images_normalized\1177_IM-0120-1001.dcm.png,PROJECT_ROOT\images_normalized\1177_IM-0120-3001.dcm.png,PROJECT_ROOT\Experiments\outputs\experiment_06_gradcam_interpretability\heatmaps\correct\normal\1177_gradcam.png
172,normal,normal,True,0.9999244213104248,0.0,0.0,0.0,0,0,PROJECT_ROOT\images_normalized\172_IM-0474-1001.dcm.png,PROJECT_ROOT\images_normalized\172_IM-0474-1002.dcm.png,PROJECT_ROOT\Experiments\outputs\experiment_06_gradcam_interpretability\heatmaps\correct\normal\172_gradcam.png
3471,normal,normal,True,0.9914621710777283,0.0,0.0,0.0,0,0,PROJECT_ROOT\images_normalized\3471_IM-1687-2002.dcm.png,PROJECT_ROOT\images_normalized\3471_IM-1687-3003.dcm.png,PROJECT_ROOT\Experiments\outputs\experiment_06_gradcam_interpretability\heatmaps\correct\normal\3471_gradcam.png
354,normal,pneumonia_or_opacity,False,0.8665721416473389,0.23584087193012238,0.3072876036167145,0.9999998807907104,79,112,PROJECT_ROOT\images_normalized\354_IM-1731-1001.dcm.png,PROJECT_ROOT\images_normalized\354_IM-1731-3003.dcm.png,PROJECT_ROOT\Experiments\outputs\experiment_06_gradcam_interpretability\heatmaps\incorrect\normal\354_gradcam.png
1276,normal,normal,True,0.999966025352478,0.0,0.0,0.0,0,0,PROJECT_ROOT\images_normalized\1276_IM-0184-3001.dcm.png,PROJECT_ROOT\images_normalized\1276_IM-0184-2001.dcm.png,PROJECT_ROOT\Experiments\outputs\experiment_06_gradcam_interpretability\heatmaps\correct\normal\1276_gradcam.png
967,normal,normal,True,0.9999619722366333,0.0,0.0,0.0,0,0,PROJECT_ROOT\images_normalized\967_IM-2457-2002.dcm.png,PROJECT_ROOT\images_normalized\967_IM-2457-3003.dcm.png,PROJECT_ROOT\Experiments\outputs\experiment_06_gradcam_interpretability\heatmaps\correct\normal\967_gradcam.png
230,pleural_effusion,normal,False,0.6799666285514832,0.0,0.0,0.0,0,0,PROJECT_ROOT\images_normalized\230_IM-0880-0001-0002.dcm.png,PROJECT_ROOT\images_normalized\230_IM-0880-0001-0001.dcm.png,PROJECT_ROOT\Experiments\outputs\experiment_06_gradcam_interpretability\heatmaps\incorrect\pleural_effusion\230_gradcam.png
3942,normal,normal,True,0.9960799813270569,0.03362115100026131,0.12159362435340881,0.9999992847442627,144,79,PROJECT_ROOT\images_normalized\3942_IM-2013-1001.dcm.png,PROJECT_ROOT\images_normalized\3942_IM-2013-2001.dcm.png,PROJECT_ROOT\Experiments\outputs\experiment_06_gradcam_interpretability\heatmaps\correct\normal\3942_gradcam.png
2527,normal,normal,True,0.9997649788856506,0.0,0.0,0.0,0,0,PROJECT_ROOT\images_normalized\2527_IM-1043-1001.dcm.png,PROJECT_ROOT\images_normalized\2527_IM-1043-2001.dcm.png,PROJECT_ROOT\Experiments\outputs\experiment_06_gradcam_interpretability\heatmaps\correct\normal\2527_gradcam.png
3925,normal,normal,True,0.9958478212356567,0.0,0.0,0.0,0,0,PROJECT_ROOT\images_normalized\3925_IM-1999-1002001.dcm.png,PROJECT_ROOT\images_normalized\3925_IM-1999-1004003.dcm.png,PROJECT_ROOT\Experiments\outputs\experiment_06_gradcam_interpretability\heatmaps\correct\normal\3925_gradcam.png
1267,normal,normal,True,0.998794436454773,0.0,0.0,0.0,0,0,PROJECT_ROOT\images_normalized\1267_IM-0179-1001.dcm.png,PROJECT_ROOT\images_normalized\1267_IM-0179-1002.dcm.png,PROJECT_ROOT\Experiments\outputs\experiment_06_gradcam_interpretability\heatmaps\correct\normal\1267_gradcam.png
2568,normal,normal,True,0.9999257326126099,0.0,0.0,0.0,0,0,PROJECT_ROOT\images_normalized\2568_IM-1070-1001.dcm.png,PROJECT_ROOT\images_normalized\2568_IM-1070-2001.dcm.png,PROJECT_ROOT\Experiments\outputs\experiment_06_gradcam_interpretability\heatmaps\correct\normal\2568_gradcam.png
1985,normal,normal,True,0.9998618364334106,0.0,0.0,0.0,0,0,PROJECT_ROOT\images_normalized\1985_IM-0642-1001.dcm.png,PROJECT_ROOT\images_normalized\1985_IM-0642-2001.dcm.png,PROJECT_ROOT\Experiments\outputs\experiment_06_gradcam_interpretability\heatmaps\correct\normal\1985_gradcam.png
1173,chronic_lung_disease,normal,False,0.9983202815055847,0.0,0.0,0.0,0,0,PROJECT_ROOT\images_normalized\1173_IM-0118-5001.dcm.png,PROJECT_ROOT\images_normalized\1173_IM-0118-1001.dcm.png,PROJECT_ROOT\Experiments\outputs\experiment_06_gradcam_interpretability\heatmaps\incorrect\chronic_lung_disease\1173_gradcam.png
1389,chronic_lung_disease,chronic_lung_disease,True,0.944599449634552,0.40449434518814087,0.25445982813835144,0.9999998807907104,47,112,PROJECT_ROOT\images_normalized\1389_IM-0247-1001.dcm.png,PROJECT_ROOT\images_normalized\1389_IM-0247-3001.dcm.png,PROJECT_ROOT\Experiments\outputs\experiment_06_gradcam_interpretability\heatmaps\correct\chronic_lung_disease\1389_gradcam.png
1349,normal,normal,True,0.9992895126342773,0.0,0.0,0.0,0,0,PROJECT_ROOT\images_normalized\1349_IM-0227-1001.dcm.png,PROJECT_ROOT\images_normalized\1349_IM-0227-2001.dcm.png,PROJECT_ROOT\Experiments\outputs\experiment_06_gradcam_interpretability\heatmaps\correct\normal\1349_gradcam.png
846,normal,normal,True,0.9984822869300842,0.0,0.0,0.0,0,0,PROJECT_ROOT\images_normalized\846_IM-2368-0001-0001.dcm.png,PROJECT_ROOT\images_normalized\846_IM-2368-0001-0004.dcm.png,PROJECT_ROOT\Experiments\outputs\experiment_06_gradcam_interpretability\heatmaps\correct\normal\846_gradcam.png
2847,normal,pleural_effusion,False,0.9564822912216187,0.2882447838783264,0.25568464398384094,0.9999998807907104,143,112,PROJECT_ROOT\images_normalized\2847_IM-1256-1001.dcm.png,PROJECT_ROOT\images_normalized\2847_IM-1256-3001.dcm.png,PROJECT_ROOT\Experiments\outputs\experiment_06_gradcam_interpretability\heatmaps\incorrect\normal\2847_gradcam.png
267,pleural_effusion,pleural_effusion,True,0.5831052660942078,0.14756518602371216,0.23694829642772675,0.9999999403953552,143,175,PROJECT_ROOT\images_normalized\267_IM-1147-1001.dcm.png,PROJECT_ROOT\images_normalized\267_IM-1147-2001.dcm.png,PROJECT_ROOT\Experiments\outputs\experiment_06_gradcam_interpretability\heatmaps\correct\pleural_effusion\267_gradcam.png
3723,normal,normal,True,0.7215655446052551,0.0,0.0,0.0,0,0,PROJECT_ROOT\images_normalized\3723_IM-1860-1001.dcm.png,PROJECT_ROOT\images_normalized\3723_IM-1860-2001.dcm.png,PROJECT_ROOT\Experiments\outputs\experiment_06_gradcam_interpretability\heatmaps\correct\normal\3723_gradcam.png
3947,normal,normal,True,0.9999642372131348,0.022748198360204697,0.09782420843839645,0.9999985098838806,143,143,PROJECT_ROOT\images_normalized\3947_IM-2016-1001.dcm.png,PROJECT_ROOT\images_normalized\3947_IM-2016-2001.dcm.png,PROJECT_ROOT\Experiments\outputs\experiment_06_gradcam_interpretability\heatmaps\correct\normal\3947_gradcam.png
2978,normal,normal,True,0.9998359680175781,0.0,0.0,0.0,0,0,PROJECT_ROOT\images_normalized\2978_IM-1367-4001.dcm.png,PROJECT_ROOT\images_normalized\2978_IM-1367-1001.dcm.png,PROJECT_ROOT\Experiments\outputs\experiment_06_gradcam_interpretability\heatmaps\correct\normal\2978_gradcam.png
3720,normal,normal,True,0.9998778104782104,0.0,0.0,0.0,0,0,PROJECT_ROOT\images_normalized\3720_IM-1859-1001.dcm.png,PROJECT_ROOT\images_normalized\3720_IM-1859-2001.dcm.png,PROJECT_ROOT\Experiments\outputs\experiment_06_gradcam_interpretability\heatmaps\correct\normal\3720_gradcam.png
676,normal,normal,True,0.9998750686645508,0.02106035314500332,0.09597408771514893,0.9999605417251587,111,143,PROJECT_ROOT\images_normalized\676_IM-2248-1001.dcm.png,PROJECT_ROOT\images_normalized\676_IM-2248-2001.dcm.png,PROJECT_ROOT\Experiments\outputs\experiment_06_gradcam_interpretability\heatmaps\correct\normal\676_gradcam.png
3379,cardiomegaly,normal,False,0.9829503297805786,0.09426179528236389,0.20287452638149261,0.9999997019767761,175,143,PROJECT_ROOT\images_normalized\3379_IM-1627-2001.dcm.png,PROJECT_ROOT\images_normalized\3379_IM-1627-1001.dcm.png,PROJECT_ROOT\Experiments\outputs\experiment_06_gradcam_interpretability\heatmaps\incorrect\cardiomegaly\3379_gradcam.png
2566,normal,normal,True,0.998387336730957,0.0,0.0,0.0,0,0,PROJECT_ROOT\images_normalized\2566_IM-1068-1001.dcm.png,PROJECT_ROOT\images_normalized\2566_IM-1068-2001.dcm.png,PROJECT_ROOT\Experiments\outputs\experiment_06_gradcam_interpretability\heatmaps\correct\normal\2566_gradcam.png
2868,normal,normal,True,0.9989362359046936,0.0,0.0,0.0,0,0,PROJECT_ROOT\images_normalized\2868_IM-1275-1001.dcm.png,PROJECT_ROOT\images_normalized\2868_IM-1275-2001.dcm.png,PROJECT_ROOT\Experiments\outputs\experiment_06_gradcam_interpretability\heatmaps\correct\normal\2868_gradcam.png
1136,normal,normal,True,0.5948454141616821,0.025699393823742867,0.10218172520399094,0.9999992251396179,79,143,PROJECT_ROOT\images_normalized\1136_IM-0092-1001.dcm.png,PROJECT_ROOT\images_normalized\1136_IM-0092-2001.dcm.png,PROJECT_ROOT\Experiments\outputs\experiment_06_gradcam_interpretability\heatmaps\correct\normal\1136_gradcam.png
377,normal,normal,True,0.9997072815895081,0.0,0.0,0.0,0,0,PROJECT_ROOT\images_normalized\377_IM-1889-1001.dcm.png,PROJECT_ROOT\images_normalized\377_IM-1889-2001.dcm.png,PROJECT_ROOT\Experiments\outputs\experiment_06_gradcam_interpretability\heatmaps\correct\normal\377_gradcam.png
3305,cardiomegaly,cardiomegaly,True,0.8782509565353394,0.36912015080451965,0.23530226945877075,0.9999999403953552,111,111,PROJECT_ROOT\images_normalized\3305_IM-1581-4001.dcm.png,PROJECT_ROOT\images_normalized\3305_IM-1581-1001.dcm.png,PROJECT_ROOT\Experiments\outputs\experiment_06_gradcam_interpretability\heatmaps\correct\cardiomegaly\3305_gradcam.png
3763,normal,normal,True,0.9991596937179565,0.0,0.0,0.0,0,0,PROJECT_ROOT\images_normalized\3763_IM-1883-1001.dcm.png,PROJECT_ROOT\images_normalized\3763_IM-1883-2001.dcm.png,PROJECT_ROOT\Experiments\outputs\experiment_06_gradcam_interpretability\heatmaps\correct\normal\3763_gradcam.png
3332,normal,pneumonia_or_opacity,False,0.6307526230812073,0.021060969680547714,0.09597691148519516,0.9999898076057434,79,79,PROJECT_ROOT\images_normalized\3332_IM-1596-1001.dcm.png,PROJECT_ROOT\images_normalized\3332_IM-1596-3001.dcm.png,PROJECT_ROOT\Experiments\outputs\experiment_06_gradcam_interpretability\heatmaps\incorrect\normal\3332_gradcam.png
3121,normal,normal,True,0.9996459484100342,0.0,0.0,0.0,0,0,PROJECT_ROOT\images_normalized\3121_IM-1466-1001.dcm.png,PROJECT_ROOT\images_normalized\3121_IM-1466-1002.dcm.png,PROJECT_ROOT\Experiments\outputs\experiment_06_gradcam_interpretability\heatmaps\correct\normal\3121_gradcam.png
3902,normal,normal,True,0.9962210655212402,0.07158031314611435,0.17602728307247162,0.9999996423721313,143,111,PROJECT_ROOT\images_normalized\3902_IM-1981-1001.dcm.png,PROJECT_ROOT\images_normalized\3902_IM-1981-2001.dcm.png,PROJECT_ROOT\Experiments\outputs\experiment_06_gradcam_interpretability\heatmaps\correct\normal\3902_gradcam.png
3408,normal,normal,True,0.9915884137153625,0.0,0.0,0.0,0,0,PROJECT_ROOT\images_normalized\3408_IM-1648-1001.dcm.png,PROJECT_ROOT\images_normalized\3408_IM-1648-1002.dcm.png,PROJECT_ROOT\Experiments\outputs\experiment_06_gradcam_interpretability\heatmaps\correct\normal\3408_gradcam.png
1500,normal,normal,True,0.9995893836021423,0.0,0.0,0.0,0,0,PROJECT_ROOT\images_normalized\1500_IM-0326-9001.dcm.png,PROJECT_ROOT\images_normalized\1500_IM-0326-11001.dcm.png,PROJECT_ROOT\Experiments\outputs\experiment_06_gradcam_interpretability\heatmaps\correct\normal\1500_gradcam.png
1698,normal,normal,True,0.99770587682724,0.0,0.0,0.0,0,0,PROJECT_ROOT\images_normalized\1698_IM-0458-1001.dcm.png,PROJECT_ROOT\images_normalized\1698_IM-0458-2001.dcm.png,PROJECT_ROOT\Experiments\outputs\experiment_06_gradcam_interpretability\heatmaps\correct\normal\1698_gradcam.png
1922,normal,normal,True,0.9988738894462585,0.0,0.0,0.0,0,0,PROJECT_ROOT\images_normalized\1922_IM-0598-1001.dcm.png,PROJECT_ROOT\images_normalized\1922_IM-0598-1002.dcm.png,PROJECT_ROOT\Experiments\outputs\experiment_06_gradcam_interpretability\heatmaps\correct\normal\1922_gradcam.png
3226,normal,normal,True,0.9994229078292847,0.0,0.0,0.0,0,0,PROJECT_ROOT\images_normalized\3226_IM-1525-1001.dcm.png,PROJECT_ROOT\images_normalized\3226_IM-1525-2001.dcm.png,PROJECT_ROOT\Experiments\outputs\experiment_06_gradcam_interpretability\heatmaps\correct\normal\3226_gradcam.png
1690,normal,pleural_effusion,False,0.6952576041221619,0.0,0.0,0.0,0,0,PROJECT_ROOT\images_normalized\1690_IM-0452-1001-0001.dcm.png,PROJECT_ROOT\images_normalized\1690_IM-0452-1001-0002.dcm.png,PROJECT_ROOT\Experiments\outputs\experiment_06_gradcam_interpretability\heatmaps\incorrect\normal\1690_gradcam.png
3307,normal,normal,True,0.9996310472488403,0.02106115221977234,0.09597773849964142,0.9999985098838806,111,79,PROJECT_ROOT\images_normalized\3307_IM-1582-1002001.dcm.png,PROJECT_ROOT\images_normalized\3307_IM-1582-1005004.dcm.png,PROJECT_ROOT\Experiments\outputs\experiment_06_gradcam_interpretability\heatmaps\correct\normal\3307_gradcam.png
2941,normal,normal,True,0.9757987260818481,0.10175556689500809,0.19893108308315277,0.9999998807907104,143,143,PROJECT_ROOT\images_normalized\2941_IM-1342-1001.dcm.png,PROJECT_ROOT\images_normalized\2941_IM-1342-2001.dcm.png,PROJECT_ROOT\Experiments\outputs\experiment_06_gradcam_interpretability\heatmaps\correct\normal\2941_gradcam.png
3663,normal,normal,True,0.9995600581169128,0.0,0.0,0.0,0,0,PROJECT_ROOT\images_normalized\3663_IM-1822-1001.dcm.png,PROJECT_ROOT\images_normalized\3663_IM-1822-2001.dcm.png,PROJECT_ROOT\Experiments\outputs\experiment_06_gradcam_interpretability\heatmaps\correct\normal\3663_gradcam.png
1979,normal,normal,True,0.9994019269943237,0.08947695791721344,0.20854713022708893,0.9999995827674866,112,111,PROJECT_ROOT\images_normalized\1979_IM-0637-1001.dcm.png,PROJECT_ROOT\images_normalized\1979_IM-0637-2001.dcm.png,PROJECT_ROOT\Experiments\outputs\experiment_06_gradcam_interpretability\heatmaps\correct\normal\1979_gradcam.png
365,normal,normal,True,0.9997668862342834,0.0,0.0,0.0,0,0,PROJECT_ROOT\images_normalized\365_IM-1812-1001.dcm.png,PROJECT_ROOT\images_normalized\365_IM-1812-1002.dcm.png,PROJECT_ROOT\Experiments\outputs\experiment_06_gradcam_interpretability\heatmaps\correct\normal\365_gradcam.png
2322,pneumonia_or_opacity,normal,False,0.5177043676376343,0.0,0.0,0.0,0,0,PROJECT_ROOT\images_normalized\2322_IM-0894-1001.dcm.png,PROJECT_ROOT\images_normalized\2322_IM-0894-1002.dcm.png,PROJECT_ROOT\Experiments\outputs\experiment_06_gradcam_interpretability\heatmaps\incorrect\pneumonia_or_opacity\2322_gradcam.png
975,chronic_lung_disease,pneumonia_or_opacity,False,0.83464515209198,0.13933685421943665,0.23812343180179596,0.9999996423721313,79,112,PROJECT_ROOT\images_normalized\975_IM-2464-1001.dcm.png,PROJECT_ROOT\images_normalized\975_IM-2464-2001.dcm.png,PROJECT_ROOT\Experiments\outputs\experiment_06_gradcam_interpretability\heatmaps\incorrect\chronic_lung_disease\975_gradcam.png
2087,normal,normal,True,0.9971857666969299,0.0,0.0,0.0,0,0,PROJECT_ROOT\images_normalized\2087_IM-0718-3001.dcm.png,PROJECT_ROOT\images_normalized\2087_IM-0718-2001.dcm.png,PROJECT_ROOT\Experiments\outputs\experiment_06_gradcam_interpretability\heatmaps\correct\normal\2087_gradcam.png
1919,chronic_lung_disease,chronic_lung_disease,True,0.9327012896537781,0.29065755009651184,0.22375638782978058,0.9999998807907104,176,48,PROJECT_ROOT\images_normalized\1919_IM-0598-3001.dcm.png,PROJECT_ROOT\images_normalized\1919_IM-0598-2001.dcm.png,PROJECT_ROOT\Experiments\outputs\experiment_06_gradcam_interpretability\heatmaps\correct\chronic_lung_disease\1919_gradcam.png
1646,normal,normal,True,0.9975060820579529,0.0,0.0,0.0,0,0,PROJECT_ROOT\images_normalized\1646_IM-0423-1001.dcm.png,PROJECT_ROOT\images_normalized\1646_IM-0423-3001.dcm.png,PROJECT_ROOT\Experiments\outputs\experiment_06_gradcam_interpretability\heatmaps\correct\normal\1646_gradcam.png
3492,normal,normal,True,0.9970735311508179,0.0,0.0,0.0,0,0,PROJECT_ROOT\images_normalized\3492_IM-1698-1001.dcm.png,PROJECT_ROOT\images_normalized\3492_IM-1698-2001.dcm.png,PROJECT_ROOT\Experiments\outputs\experiment_06_gradcam_interpretability\heatmaps\correct\normal\3492_gradcam.png
3852,normal,normal,True,0.9072503447532654,0.0,0.0,0.0,0,0,PROJECT_ROOT\images_normalized\3852_IM-1949-4004.dcm.png,PROJECT_ROOT\images_normalized\3852_IM-1949-1001.dcm.png,PROJECT_ROOT\Experiments\outputs\experiment_06_gradcam_interpretability\heatmaps\correct\normal\3852_gradcam.png
3930,normal,normal,True,0.9593292474746704,0.0,0.0,0.0,0,0,PROJECT_ROOT\images_normalized\3930_IM-2003-1001.dcm.png,PROJECT_ROOT\images_normalized\3930_IM-2003-2001.dcm.png,PROJECT_ROOT\Experiments\outputs\experiment_06_gradcam_interpretability\heatmaps\correct\normal\3930_gradcam.png
905,normal,normal,True,0.9991716146469116,0.08089537918567657,0.193229541182518,0.9999997019767761,143,111,PROJECT_ROOT\images_normalized\905_IM-2410-0001-0001.dcm.png,PROJECT_ROOT\images_normalized\905_IM-2410-0001-0002.dcm.png,PROJECT_ROOT\Experiments\outputs\experiment_06_gradcam_interpretability\heatmaps\correct\normal\905_gradcam.png
3324,pneumonia_or_opacity,pneumonia_or_opacity,True,0.5196638107299805,0.0,0.0,0.0,0,0,PROJECT_ROOT\images_normalized\3324_IM-1590-1001.dcm.png,PROJECT_ROOT\images_normalized\3324_IM-1590-3001.dcm.png,PROJECT_ROOT\Experiments\outputs\experiment_06_gradcam_interpretability\heatmaps\correct\pneumonia_or_opacity\3324_gradcam.png
916,normal,cardiomegaly,False,0.5562261343002319,0.457120805978775,0.24400471150875092,0.9999999403953552,48,112,PROJECT_ROOT\images_normalized\916_IM-2419-1001.dcm.png,PROJECT_ROOT\images_normalized\916_IM-2419-2001.dcm.png,PROJECT_ROOT\Experiments\outputs\experiment_06_gradcam_interpretability\heatmaps\incorrect\normal\916_gradcam.png
1301,normal,normal,True,0.995988667011261,0.0,0.0,0.0,0,0,PROJECT_ROOT\images_normalized\1301_IM-0198-1001.dcm.png,PROJECT_ROOT\images_normalized\1301_IM-0198-2001.dcm.png,PROJECT_ROOT\Experiments\outputs\experiment_06_gradcam_interpretability\heatmaps\correct\normal\1301_gradcam.png
1146,normal,normal,True,0.9993129968643188,0.0,0.0,0.0,0,0,PROJECT_ROOT\images_normalized\1146_IM-0098-1001.dcm.png,PROJECT_ROOT\images_normalized\1146_IM-0098-2001.dcm.png,PROJECT_ROOT\Experiments\outputs\experiment_06_gradcam_interpretability\heatmaps\correct\normal\1146_gradcam.png
3362,normal,normal,True,0.39432623982429504,0.0,0.0,0.0,0,0,PROJECT_ROOT\images_normalized\3362_IM-1615-1001.dcm.png,PROJECT_ROOT\images_normalized\3362_IM-1615-2001.dcm.png,PROJECT_ROOT\Experiments\outputs\experiment_06_gradcam_interpretability\heatmaps\correct\normal\3362_gradcam.png
2608,pleural_effusion,cardiomegaly,False,0.9950351715087891,0.19564926624298096,0.2414141595363617,0.9999996423721313,176,47,PROJECT_ROOT\images_normalized\2608_IM-1098-2001.dcm.png,PROJECT_ROOT\images_normalized\2608_IM-1098-1001.dcm.png,PROJECT_ROOT\Experiments\outputs\experiment_06_gradcam_interpretability\heatmaps\incorrect\pleural_effusion\2608_gradcam.png
2372,pneumonia_or_opacity,pneumonia_or_opacity,True,0.9984824061393738,0.0,0.0,0.0,0,0,PROJECT_ROOT\images_normalized\2372_IM-0933-0001-0001.dcm.png,PROJECT_ROOT\images_normalized\2372_IM-0933-0001-0002.dcm.png,PROJECT_ROOT\Experiments\outputs\experiment_06_gradcam_interpretability\heatmaps\correct\pneumonia_or_opacity\2372_gradcam.png
3446,normal,normal,True,0.9999788999557495,0.09443686902523041,0.21886420249938965,0.9999997615814209,144,80,PROJECT_ROOT\images_normalized\3446_IM-1669-1001.dcm.png,PROJECT_ROOT\images_normalized\3446_IM-1669-2001.dcm.png,PROJECT_ROOT\Experiments\outputs\experiment_06_gradcam_interpretability\heatmaps\correct\normal\3446_gradcam.png
340,normal,normal,True,0.7985947728157043,0.0,0.0,0.0,0,0,PROJECT_ROOT\images_normalized\340_IM-1644-4004.dcm.png,PROJECT_ROOT\images_normalized\340_IM-1644-1001.dcm.png,PROJECT_ROOT\Experiments\outputs\experiment_06_gradcam_interpretability\heatmaps\correct\normal\340_gradcam.png
1,normal,normal,True,0.997952938079834,0.0,0.0,0.0,0,0,PROJECT_ROOT\images_normalized\1_IM-0001-4001.dcm.png,PROJECT_ROOT\images_normalized\1_IM-0001-3001.dcm.png,PROJECT_ROOT\Experiments\outputs\experiment_06_gradcam_interpretability\heatmaps\correct\normal\1_gradcam.png
2128,normal,normal,True,0.9432886838912964,0.0,0.0,0.0,0,0,PROJECT_ROOT\images_normalized\2128_IM-0752-1001.dcm.png,PROJECT_ROOT\images_normalized\2128_IM-0752-3003.dcm.png,PROJECT_ROOT\Experiments\outputs\experiment_06_gradcam_interpretability\heatmaps\correct\normal\2128_gradcam.png
1166,pneumonia_or_opacity,pneumonia_or_opacity,True,0.9366799592971802,0.23689405620098114,0.2550552785396576,0.9999999403953552,112,143,PROJECT_ROOT\images_normalized\1166_IM-0111-1001.dcm.png,PROJECT_ROOT\images_normalized\1166_IM-0111-2001.dcm.png,PROJECT_ROOT\Experiments\outputs\experiment_06_gradcam_interpretability\heatmaps\correct\pneumonia_or_opacity\1166_gradcam.png
246,normal,normal,True,0.9682862758636475,0.0,0.0,0.0,0,0,PROJECT_ROOT\images_normalized\246_IM-0992-1002001.dcm.png,PROJECT_ROOT\images_normalized\246_IM-0992-1003002.dcm.png,PROJECT_ROOT\Experiments\outputs\experiment_06_gradcam_interpretability\heatmaps\correct\normal\246_gradcam.png
255,normal,normal,True,0.9827541708946228,0.0,0.0,0.0,0,0,PROJECT_ROOT\images_normalized\255_IM-1058-1001.dcm.png,PROJECT_ROOT\images_normalized\255_IM-1058-2001.dcm.png,PROJECT_ROOT\Experiments\outputs\experiment_06_gradcam_interpretability\heatmaps\correct\normal\255_gradcam.png
152,normal,cardiomegaly,False,0.8698005676269531,0.4596627950668335,0.23736701905727386,0.9999999403953552,143,112,PROJECT_ROOT\images_normalized\152_IM-0335-2001.dcm.png,PROJECT_ROOT\images_normalized\152_IM-0335-1001.dcm.png,PROJECT_ROOT\Experiments\outputs\experiment_06_gradcam_interpretability\heatmaps\incorrect\normal\152_gradcam.png
1420,pleural_effusion,normal,False,0.9605351686477661,0.0,0.0,0.0,0,0,PROJECT_ROOT\images_normalized\1420_IM-0268-1001.dcm.png,PROJECT_ROOT\images_normalized\1420_IM-0268-3001.dcm.png,PROJECT_ROOT\Experiments\outputs\experiment_06_gradcam_interpretability\heatmaps\incorrect\pleural_effusion\1420_gradcam.png
3120,normal,normal,True,0.9995817542076111,0.0,0.0,0.0,0,0,PROJECT_ROOT\images_normalized\3120_IM-1466-1001.dcm.png,PROJECT_ROOT\images_normalized\3120_IM-1466-2001.dcm.png,PROJECT_ROOT\Experiments\outputs\experiment_06_gradcam_interpretability\heatmaps\correct\normal\3120_gradcam.png
65,normal,normal,True,0.9983770847320557,0.0,0.0,0.0,0,0,PROJECT_ROOT\images_normalized\65_IM-2228-4004.dcm.png,PROJECT_ROOT\images_normalized\65_IM-2228-2001.dcm.png,PROJECT_ROOT\Experiments\outputs\experiment_06_gradcam_interpretability\heatmaps\correct\normal\65_gradcam.png
696,normal,pneumonia_or_opacity,False,0.7347244620323181,0.1641869843006134,0.224080890417099,0.9999998211860657,175,48,PROJECT_ROOT\images_normalized\696_IM-2261-1001-0002.dcm.png,PROJECT_ROOT\images_normalized\696_IM-2261-1001-0001.dcm.png,PROJECT_ROOT\Experiments\outputs\experiment_06_gradcam_interpretability\heatmaps\incorrect\normal\696_gradcam.png
2386,normal,normal,True,0.9990320205688477,0.0,0.0,0.0,0,0,PROJECT_ROOT\images_normalized\2386_IM-0942-1001.dcm.png,PROJECT_ROOT\images_normalized\2386_IM-0942-1002.dcm.png,PROJECT_ROOT\Experiments\outputs\experiment_06_gradcam_interpretability\heatmaps\correct\normal\2386_gradcam.png
663,normal,normal,True,0.5020175576210022,0.0,0.0,0.0,0,0,PROJECT_ROOT\images_normalized\663_IM-2239-1001.dcm.png,PROJECT_ROOT\images_normalized\663_IM-2239-3001.dcm.png,PROJECT_ROOT\Experiments\outputs\experiment_06_gradcam_interpretability\heatmaps\correct\normal\663_gradcam.png
620,normal,normal,True,0.9843292236328125,0.0,0.0,0.0,0,0,PROJECT_ROOT\images_normalized\620_IM-2202-1001.dcm.png,PROJECT_ROOT\images_normalized\620_IM-2202-2001.dcm.png,PROJECT_ROOT\Experiments\outputs\experiment_06_gradcam_interpretability\heatmaps\correct\normal\620_gradcam.png
25,pleural_effusion,pleural_effusion,True,0.9739091992378235,0.2453693151473999,0.2559557259082794,0.9999999403953552,144,112,PROJECT_ROOT\images_normalized\25_IM-1024-2001.dcm.png,PROJECT_ROOT\images_normalized\25_IM-1024-3001.dcm.png,PROJECT_ROOT\Experiments\outputs\experiment_06_gradcam_interpretability\heatmaps\correct\pleural_effusion\25_gradcam.png
1967,pneumonia_or_opacity,normal,False,0.9924768805503845,0.0,0.0,0.0,0,0,PROJECT_ROOT\images_normalized\1967_IM-0629-1001.dcm.png,PROJECT_ROOT\images_normalized\1967_IM-0629-3001.dcm.png,PROJECT_ROOT\Experiments\outputs\experiment_06_gradcam_interpretability\heatmaps\incorrect\pneumonia_or_opacity\1967_gradcam.png
1077,normal,normal,True,0.9983591437339783,0.0,0.0,0.0,0,0,PROJECT_ROOT\images_normalized\1077_IM-0054-1001.dcm.png,PROJECT_ROOT\images_normalized\1077_IM-0054-2001.dcm.png,PROJECT_ROOT\Experiments\outputs\experiment_06_gradcam_interpretability\heatmaps\correct\normal\1077_gradcam.png
2413,normal,normal,True,0.9992936849594116,0.0,0.0,0.0,0,0,PROJECT_ROOT\images_normalized\2413_IM-0959-1001.dcm.png,PROJECT_ROOT\images_normalized\2413_IM-0959-2001.dcm.png,PROJECT_ROOT\Experiments\outputs\experiment_06_gradcam_interpretability\heatmaps\correct\normal\2413_gradcam.png
3193,pneumonia_or_opacity,normal,False,0.9997574687004089,0.0,0.0,0.0,0,0,PROJECT_ROOT\images_normalized\3193_IM-1505-1001.dcm.png,PROJECT_ROOT\images_normalized\3193_IM-1505-1002.dcm.png,PROJECT_ROOT\Experiments\outputs\experiment_06_gradcam_interpretability\heatmaps\incorrect\pneumonia_or_opacity\3193_gradcam.png
1641,pneumonia_or_opacity,normal,False,0.9873929619789124,0.0,0.0,0.0,0,0,PROJECT_ROOT\images_normalized\1641_IM-0420-1001.dcm.png,PROJECT_ROOT\images_normalized\1641_IM-0420-2001.dcm.png,PROJECT_ROOT\Experiments\outputs\experiment_06_gradcam_interpretability\heatmaps\incorrect\pneumonia_or_opacity\1641_gradcam.png
1608,normal,normal,True,0.9965925812721252,0.0,0.0,0.0,0,0,PROJECT_ROOT\images_normalized\1608_IM-0394-1001.dcm.png,PROJECT_ROOT\images_normalized\1608_IM-0394-2001.dcm.png,PROJECT_ROOT\Experiments\outputs\experiment_06_gradcam_interpretability\heatmaps\correct\normal\1608_gradcam.png
2370,pleural_effusion,normal,False,0.7322538495063782,0.0,0.0,0.0,0,0,PROJECT_ROOT\images_normalized\2370_IM-0931-1001.dcm.png,PROJECT_ROOT\images_normalized\2370_IM-0931-2001.dcm.png,PROJECT_ROOT\Experiments\outputs\experiment_06_gradcam_interpretability\heatmaps\incorrect\pleural_effusion\2370_gradcam.png
3453,normal,normal,True,0.49661245942115784,0.04783898591995239,0.14542466402053833,0.9999974966049194,143,112,PROJECT_ROOT\images_normalized\3453_IM-1676-0001-0001.dcm.png,PROJECT_ROOT\images_normalized\3453_IM-1676-0001-0002.dcm.png,PROJECT_ROOT\Experiments\outputs\experiment_06_gradcam_interpretability\heatmaps\correct\normal\3453_gradcam.png
1550,normal,normal,True,0.9998218417167664,0.0,0.0,0.0,0,0,PROJECT_ROOT\images_normalized\1550_IM-0359-1001.dcm.png,PROJECT_ROOT\images_normalized\1550_IM-0359-3003.dcm.png,PROJECT_ROOT\Experiments\outputs\experiment_06_gradcam_interpretability\heatmaps\correct\normal\1550_gradcam.png
604,normal,normal,True,0.9865711331367493,0.0,0.0,0.0,0,0,PROJECT_ROOT\images_normalized\604_IM-2193-1001.dcm.png,PROJECT_ROOT\images_normalized\604_IM-2193-2001.dcm.png,PROJECT_ROOT\Experiments\outputs\experiment_06_gradcam_interpretability\heatmaps\correct\normal\604_gradcam.png
2218,cardiomegaly,normal,False,0.8562551736831665,0.0,0.0,0.0,0,0,PROJECT_ROOT\images_normalized\2218_IM-0823-3001.dcm.png,PROJECT_ROOT\images_normalized\2218_IM-0823-1001.dcm.png,PROJECT_ROOT\Experiments\outputs\experiment_06_gradcam_interpretability\heatmaps\incorrect\cardiomegaly\2218_gradcam.png
2239,chronic_lung_disease,pneumonia_or_opacity,False,0.9751614332199097,0.07807368785142899,0.19904036819934845,0.9999992251396179,175,144,PROJECT_ROOT\images_normalized\2239_IM-0836-1001.dcm.png,PROJECT_ROOT\images_normalized\2239_IM-0836-2001.dcm.png,PROJECT_ROOT\Experiments\outputs\experiment_06_gradcam_interpretability\heatmaps\incorrect\chronic_lung_disease\2239_gradcam.png
2947,normal,normal,True,0.9998729228973389,0.0,0.0,0.0,0,0,PROJECT_ROOT\images_normalized\2947_IM-1347-1001.dcm.png,PROJECT_ROOT\images_normalized\2947_IM-1347-2001.dcm.png,PROJECT_ROOT\Experiments\outputs\experiment_06_gradcam_interpretability\heatmaps\correct\normal\2947_gradcam.png
863,normal,normal,True,0.9998588562011719,0.0,0.0,0.0,0,0,PROJECT_ROOT\images_normalized\863_IM-2383-1001.dcm.png,PROJECT_ROOT\images_normalized\863_IM-2383-2001.dcm.png,PROJECT_ROOT\Experiments\outputs\experiment_06_gradcam_interpretability\heatmaps\correct\normal\863_gradcam.png
2336,normal,cardiomegaly,False,0.8184003233909607,0.3879651725292206,0.28885531425476074,0.9999999403953552,144,112,PROJECT_ROOT\images_normalized\2336_IM-0903-1001.dcm.png,PROJECT_ROOT\images_normalized\2336_IM-0903-2001.dcm.png,PROJECT_ROOT\Experiments\outputs\experiment_06_gradcam_interpretability\heatmaps\incorrect\normal\2336_gradcam.png
2926,normal,normal,True,0.9998962879180908,0.07135997712612152,0.17849460244178772,0.9999996423721313,175,111,PROJECT_ROOT\images_normalized\2926_IM-1328-1001.dcm.png,PROJECT_ROOT\images_normalized\2926_IM-1328-2001.dcm.png,PROJECT_ROOT\Experiments\outputs\experiment_06_gradcam_interpretability\heatmaps\correct\normal\2926_gradcam.png
1768,normal,normal,True,0.9987894892692566,0.10301674902439117,0.21551111340522766,0.9999998211860657,111,48,PROJECT_ROOT\images_normalized\1768_IM-0502-12012.dcm.png,PROJECT_ROOT\images_normalized\1768_IM-0502-3003.dcm.png,PROJECT_ROOT\Experiments\outputs\experiment_06_gradcam_interpretability\heatmaps\correct\normal\1768_gradcam.png
1305,normal,normal,True,0.9997839331626892,0.0,0.0,0.0,0,0,PROJECT_ROOT\images_normalized\1305_IM-0199-1001.dcm.png,PROJECT_ROOT\images_normalized\1305_IM-0199-1002.dcm.png,PROJECT_ROOT\Experiments\outputs\experiment_06_gradcam_interpretability\heatmaps\correct\normal\1305_gradcam.png
2696,cardiomegaly,normal,False,0.9962760210037231,0.02106115035712719,0.09597773104906082,0.9999983906745911,143,143,PROJECT_ROOT\images_normalized\2696_IM-1166-1001.dcm.png,PROJECT_ROOT\images_normalized\2696_IM-1166-2001.dcm.png,PROJECT_ROOT\Experiments\outputs\experiment_06_gradcam_interpretability\heatmaps\incorrect\cardiomegaly\2696_gradcam.png
3522,normal,normal,True,0.9999194145202637,0.032364148646593094,0.11800240725278854,0.9999973177909851,175,47,PROJECT_ROOT\images_normalized\3522_IM-1720-1001.dcm.png,PROJECT_ROOT\images_normalized\3522_IM-1720-2001.dcm.png,PROJECT_ROOT\Experiments\outputs\experiment_06_gradcam_interpretability\heatmaps\correct\normal\3522_gradcam.png
3214,cardiomegaly,normal,False,0.8853216171264648,0.0,0.0,0.0,0,0,PROJECT_ROOT\images_normalized\3214_IM-1519-1001.dcm.png,PROJECT_ROOT\images_normalized\3214_IM-1519-2001.dcm.png,PROJECT_ROOT\Experiments\outputs\experiment_06_gradcam_interpretability\heatmaps\incorrect\cardiomegaly\3214_gradcam.png
955,normal,pneumonia_or_opacity,False,0.96775883436203,0.0724731981754303,0.18251033127307892,0.9999997019767761,0,144,PROJECT_ROOT\images_normalized\955_IM-2449-1001.dcm.png,PROJECT_ROOT\images_normalized\955_IM-2449-2001.dcm.png,PROJECT_ROOT\Experiments\outputs\experiment_06_gradcam_interpretability\heatmaps\incorrect\normal\955_gradcam.png
780,normal,normal,True,0.9988042116165161,0.0,0.0,0.0,0,0,PROJECT_ROOT\images_normalized\780_IM-2323-2001.dcm.png,PROJECT_ROOT\images_normalized\780_IM-2323-1001.dcm.png,PROJECT_ROOT\Experiments\outputs\experiment_06_gradcam_interpretability\heatmaps\correct\normal\780_gradcam.png
1330,normal,normal,True,0.9999301433563232,0.0,0.0,0.0,0,0,PROJECT_ROOT\images_normalized\1330_IM-0213-1001.dcm.png,PROJECT_ROOT\images_normalized\1330_IM-0213-2001.dcm.png,PROJECT_ROOT\Experiments\outputs\experiment_06_gradcam_interpretability\heatmaps\correct\normal\1330_gradcam.png
3141,normal,normal,True,0.9987516403198242,0.0,0.0,0.0,0,0,PROJECT_ROOT\images_normalized\3141_IM-1477-1001.dcm.png,PROJECT_ROOT\images_normalized\3141_IM-1477-2001.dcm.png,PROJECT_ROOT\Experiments\outputs\experiment_06_gradcam_interpretability\heatmaps\correct\normal\3141_gradcam.png
962,normal,normal,True,0.9998284578323364,0.0,0.0,0.0,0,0,PROJECT_ROOT\images_normalized\962_IM-2453-1002001.dcm.png,PROJECT_ROOT\images_normalized\962_IM-2453-1003002.dcm.png,PROJECT_ROOT\Experiments\outputs\experiment_06_gradcam_interpretability\heatmaps\correct\normal\962_gradcam.png
792,normal,normal,True,0.9981762170791626,0.0926535353064537,0.19532406330108643,0.9999997615814209,143,112,PROJECT_ROOT\images_normalized\792_IM-2330-1001.dcm.png,PROJECT_ROOT\images_normalized\792_IM-2330-2002.dcm.png,PROJECT_ROOT\Experiments\outputs\experiment_06_gradcam_interpretability\heatmaps\correct\normal\792_gradcam.png
3856,normal,normal,True,0.9953061938285828,0.0,0.0,0.0,0,0,PROJECT_ROOT\images_normalized\3856_IM-1951-1001.dcm.png,PROJECT_ROOT\images_normalized\3856_IM-1951-2001.dcm.png,PROJECT_ROOT\Experiments\outputs\experiment_06_gradcam_interpretability\heatmaps\correct\normal\3856_gradcam.png
614,normal,cardiomegaly,False,0.9386089444160461,0.39020228385925293,0.23377619683742523,0.9999999403953552,175,144,PROJECT_ROOT\images_normalized\614_IM-2200-4001.dcm.png,PROJECT_ROOT\images_normalized\614_IM-2200-1001.dcm.png,PROJECT_ROOT\Experiments\outputs\experiment_06_gradcam_interpretability\heatmaps\incorrect\normal\614_gradcam.png
2532,cardiomegaly,normal,False,0.9998180270195007,0.0,0.0,0.0,0,0,PROJECT_ROOT\images_normalized\2532_IM-1046-1001.dcm.png,PROJECT_ROOT\images_normalized\2532_IM-1046-2001.dcm.png,PROJECT_ROOT\Experiments\outputs\experiment_06_gradcam_interpretability\heatmaps\incorrect\cardiomegaly\2532_gradcam.png
1303,pneumonia_or_opacity,pneumonia_or_opacity,True,0.8894575238227844,0.22763526439666748,0.2829965651035309,0.9999998211860657,80,47,PROJECT_ROOT\images_normalized\1303_IM-0199-1001-0001.dcm.png,PROJECT_ROOT\images_normalized\1303_IM-0199-2001-0002.dcm.png,PROJECT_ROOT\Experiments\outputs\experiment_06_gradcam_interpretability\heatmaps\correct\pneumonia_or_opacity\1303_gradcam.png
3572,pneumonia_or_opacity,normal,False,0.9681265950202942,0.0,0.0,0.0,0,0,PROJECT_ROOT\images_normalized\3572_IM-1755-84853001.dcm.png,PROJECT_ROOT\images_normalized\3572_IM-1755-84853002.dcm.png,PROJECT_ROOT\Experiments\outputs\experiment_06_gradcam_interpretability\heatmaps\incorrect\pneumonia_or_opacity\3572_gradcam.png
1889,normal,normal,True,0.9989603757858276,0.0,0.0,0.0,0,0,PROJECT_ROOT\images_normalized\1889_IM-0577-1001.dcm.png,PROJECT_ROOT\images_normalized\1889_IM-0577-2001.dcm.png,PROJECT_ROOT\Experiments\outputs\experiment_06_gradcam_interpretability\heatmaps\correct\normal\1889_gradcam.png
3342,cardiomegaly,cardiomegaly,True,0.956329882144928,0.42056068778038025,0.23055604100227356,0.9999998211860657,143,144,PROJECT_ROOT\images_normalized\3342_IM-1603-1001.dcm.png,PROJECT_ROOT\images_normalized\3342_IM-1603-2001.dcm.png,PROJECT_ROOT\Experiments\outputs\experiment_06_gradcam_interpretability\heatmaps\correct\cardiomegaly\3342_gradcam.png
3549,normal,normal,True,0.9899472594261169,0.02106110192835331,0.09597751498222351,0.9999960660934448,111,175,PROJECT_ROOT\images_normalized\3549_IM-1739-1001-0001.dcm.png,PROJECT_ROOT\images_normalized\3549_IM-1739-1001-0003.dcm.png,PROJECT_ROOT\Experiments\outputs\experiment_06_gradcam_interpretability\heatmaps\correct\normal\3549_gradcam.png
480,normal,normal,True,0.9997166991233826,0.0,0.0,0.0,0,0,PROJECT_ROOT\images_normalized\480_IM-2104-1001.dcm.png,PROJECT_ROOT\images_normalized\480_IM-2104-2001.dcm.png,PROJECT_ROOT\Experiments\outputs\experiment_06_gradcam_interpretability\heatmaps\correct\normal\480_gradcam.png
1971,normal,normal,True,0.9997392296791077,0.0,0.0,0.0,0,0,PROJECT_ROOT\images_normalized\1971_IM-0633-1001.dcm.png,PROJECT_ROOT\images_normalized\1971_IM-0633-2001.dcm.png,PROJECT_ROOT\Experiments\outputs\experiment_06_gradcam_interpretability\heatmaps\correct\normal\1971_gradcam.png
2212,normal,normal,True,0.8034947514533997,0.06816647946834564,0.16488024592399597,0.9999996423721313,111,112,PROJECT_ROOT\images_normalized\2212_IM-0819-1001.dcm.png,PROJECT_ROOT\images_normalized\2212_IM-0819-2001.dcm.png,PROJECT_ROOT\Experiments\outputs\experiment_06_gradcam_interpretability\heatmaps\correct\normal\2212_gradcam.png
594,cardiomegaly,normal,False,0.5781227350234985,0.0,0.0,0.0,0,0,PROJECT_ROOT\images_normalized\594_IM-2187-1001.dcm.png,PROJECT_ROOT\images_normalized\594_IM-2187-2001.dcm.png,PROJECT_ROOT\Experiments\outputs\experiment_06_gradcam_interpretability\heatmaps\incorrect\cardiomegaly\594_gradcam.png
3215,normal,pleural_effusion,False,0.8939559459686279,0.23422251641750336,0.28184881806373596,0.9999999403953552,80,47,PROJECT_ROOT\images_normalized\3215_IM-1520-1002.dcm.png,PROJECT_ROOT\images_normalized\3215_IM-1520-1003.dcm.png,PROJECT_ROOT\Experiments\outputs\experiment_06_gradcam_interpretability\heatmaps\incorrect\normal\3215_gradcam.png
1751,normal,normal,True,0.9968013763427734,0.0,0.0,0.0,0,0,PROJECT_ROOT\images_normalized\1751_IM-0494-1001.dcm.png,PROJECT_ROOT\images_normalized\1751_IM-0494-2001.dcm.png,PROJECT_ROOT\Experiments\outputs\experiment_06_gradcam_interpretability\heatmaps\correct\normal\1751_gradcam.png
1260,normal,normal,True,0.9999731779098511,0.0,0.0,0.0,0,0,PROJECT_ROOT\images_normalized\1260_IM-0176-1001.dcm.png,PROJECT_ROOT\images_normalized\1260_IM-0176-3001.dcm.png,PROJECT_ROOT\Experiments\outputs\experiment_06_gradcam_interpretability\heatmaps\correct\normal\1260_gradcam.png
3535,normal,normal,True,0.9983439445495605,0.0,0.0,0.0,0,0,PROJECT_ROOT\images_normalized\3535_IM-1728-0001-0002.dcm.png,PROJECT_ROOT\images_normalized\3535_IM-1728-0001-0001.dcm.png,PROJECT_ROOT\Experiments\outputs\experiment_06_gradcam_interpretability\heatmaps\correct\normal\3535_gradcam.png
3537,normal,normal,True,0.998794674873352,0.09436589479446411,0.21994449198246002,0.9999987483024597,143,112,PROJECT_ROOT\images_normalized\3537_IM-1730-1001.dcm.png,PROJECT_ROOT\images_normalized\3537_IM-1730-2001.dcm.png,PROJECT_ROOT\Experiments\outputs\experiment_06_gradcam_interpretability\heatmaps\correct\normal\3537_gradcam.png
1459,cardiomegaly,cardiomegaly,True,0.994961142539978,0.28914016485214233,0.2612195312976837,0.9999999403953552,175,175,PROJECT_ROOT\images_normalized\1459_IM-0297-3001.dcm.png,PROJECT_ROOT\images_normalized\1459_IM-0297-2001.dcm.png,PROJECT_ROOT\Experiments\outputs\experiment_06_gradcam_interpretability\heatmaps\correct\cardiomegaly\1459_gradcam.png
1065,normal,normal,True,0.9950857758522034,0.021061113104224205,0.09597755968570709,0.9999966621398926,143,175,PROJECT_ROOT\images_normalized\1065_IM-0046-1001.dcm.png,PROJECT_ROOT\images_normalized\1065_IM-0046-2001.dcm.png,PROJECT_ROOT\Experiments\outputs\experiment_06_gradcam_interpretability\heatmaps\correct\normal\1065_gradcam.png
249,normal,normal,True,0.8103716969490051,0.0,0.0,0.0,0,0,PROJECT_ROOT\images_normalized\249_IM-1016-1001.dcm.png,PROJECT_ROOT\images_normalized\249_IM-1016-2001.dcm.png,PROJECT_ROOT\Experiments\outputs\experiment_06_gradcam_interpretability\heatmaps\correct\normal\249_gradcam.png
3632,pleural_effusion,pneumonia_or_opacity,False,0.6431994438171387,0.20393499732017517,0.27211296558380127,0.9999999403953552,111,48,PROJECT_ROOT\images_normalized\3632_IM-1799-2001.dcm.png,PROJECT_ROOT\images_normalized\3632_IM-1799-1001.dcm.png,PROJECT_ROOT\Experiments\outputs\experiment_06_gradcam_interpretability\heatmaps\incorrect\pleural_effusion\3632_gradcam.png
3757,normal,normal,True,0.9874384999275208,0.0,0.0,0.0,0,0,PROJECT_ROOT\images_normalized\3757_IM-1881-12012.dcm.png,PROJECT_ROOT\images_normalized\3757_IM-1881-2001.dcm.png,PROJECT_ROOT\Experiments\outputs\experiment_06_gradcam_interpretability\heatmaps\correct\normal\3757_gradcam.png
379,cardiomegaly,cardiomegaly,True,0.7705410122871399,0.28401270508766174,0.2652984857559204,0.9999997615814209,0,144,PROJECT_ROOT\images_normalized\379_IM-1903-4004.dcm.png,PROJECT_ROOT\images_normalized\379_IM-1903-2001.dcm.png,PROJECT_ROOT\Experiments\outputs\experiment_06_gradcam_interpretability\heatmaps\correct\cardiomegaly\379_gradcam.png
2611,normal,normal,True,0.9991562366485596,0.06986022740602493,0.18319779634475708,0.9999996423721313,144,176,PROJECT_ROOT\images_normalized\2611_IM-1102-3001.dcm.png,PROJECT_ROOT\images_normalized\2611_IM-1102-2001.dcm.png,PROJECT_ROOT\Experiments\outputs\experiment_06_gradcam_interpretability\heatmaps\correct\normal\2611_gradcam.png
3115,normal,normal,True,0.9996896982192993,0.052419692277908325,0.15027545392513275,0.9999992251396179,144,111,PROJECT_ROOT\images_normalized\3115_IM-1463-1001.dcm.png,PROJECT_ROOT\images_normalized\3115_IM-1463-2001.dcm.png,PROJECT_ROOT\Experiments\outputs\experiment_06_gradcam_interpretability\heatmaps\correct\normal\3115_gradcam.png
3958,normal,normal,True,0.991596519947052,0.10382644832134247,0.21402215957641602,0.9999997615814209,144,143,PROJECT_ROOT\images_normalized\3958_IM-2022-1001.dcm.png,PROJECT_ROOT\images_normalized\3958_IM-2022-2001.dcm.png,PROJECT_ROOT\Experiments\outputs\experiment_06_gradcam_interpretability\heatmaps\correct\normal\3958_gradcam.png
549,normal,normal,True,0.8512229323387146,0.0,0.0,0.0,0,0,PROJECT_ROOT\images_normalized\549_IM-2153-1001.dcm.png,PROJECT_ROOT\images_normalized\549_IM-2153-2001.dcm.png,PROJECT_ROOT\Experiments\outputs\experiment_06_gradcam_interpretability\heatmaps\correct\normal\549_gradcam.png
3291,normal,normal,True,0.9963632225990295,0.034322526305913925,0.12367038428783417,0.9999984502792358,144,111,PROJECT_ROOT\images_normalized\3291_IM-1572-1001.dcm.png,PROJECT_ROOT\images_normalized\3291_IM-1572-2001.dcm.png,PROJECT_ROOT\Experiments\outputs\experiment_06_gradcam_interpretability\heatmaps\correct\normal\3291_gradcam.png
245,pneumonia_or_opacity,normal,False,0.9964614510536194,0.0,0.0,0.0,0,0,PROJECT_ROOT\images_normalized\245_IM-0985-1001.dcm.png,PROJECT_ROOT\images_normalized\245_IM-0985-2001.dcm.png,PROJECT_ROOT\Experiments\outputs\experiment_06_gradcam_interpretability\heatmaps\incorrect\pneumonia_or_opacity\245_gradcam.png
2273,normal,normal,True,0.9804844260215759,0.032230522483587265,0.11642388254404068,0.9999990463256836,144,143,PROJECT_ROOT\images_normalized\2273_IM-0861-1001.dcm.png,PROJECT_ROOT\images_normalized\2273_IM-0861-1002.dcm.png,PROJECT_ROOT\Experiments\outputs\experiment_06_gradcam_interpretability\heatmaps\correct\normal\2273_gradcam.png
804,pneumonia_or_opacity,normal,False,0.7869089245796204,0.0,0.0,0.0,0,0,PROJECT_ROOT\images_normalized\804_IM-2338-2001.dcm.png,PROJECT_ROOT\images_normalized\804_IM-2338-1001.dcm.png,PROJECT_ROOT\Experiments\outputs\experiment_06_gradcam_interpretability\heatmaps\incorrect\pneumonia_or_opacity\804_gradcam.png
3370,normal,normal,True,0.9984306693077087,0.0,0.0,0.0,0,0,PROJECT_ROOT\images_normalized\3370_IM-1622-2001.dcm.png,PROJECT_ROOT\images_normalized\3370_IM-1622-1001.dcm.png,PROJECT_ROOT\Experiments\outputs\experiment_06_gradcam_interpretability\heatmaps\correct\normal\3370_gradcam.png
1524,normal,normal,True,0.9994377493858337,0.0,0.0,0.0,0,0,PROJECT_ROOT\images_normalized\1524_IM-0339-1001.dcm.png,PROJECT_ROOT\images_normalized\1524_IM-0339-2001.dcm.png,PROJECT_ROOT\Experiments\outputs\experiment_06_gradcam_interpretability\heatmaps\correct\normal\1524_gradcam.png
3972,pneumonia_or_opacity,pneumonia_or_opacity,True,0.9792680740356445,0.09893415123224258,0.20397688448429108,0.9999997615814209,112,48,PROJECT_ROOT\images_normalized\3972_IM-2032-1001.dcm.png,PROJECT_ROOT\images_normalized\3972_IM-2032-2001.dcm.png,PROJECT_ROOT\Experiments\outputs\experiment_06_gradcam_interpretability\heatmaps\correct\pneumonia_or_opacity\3972_gradcam.png
2431,normal,normal,True,0.9997609257698059,0.0,0.0,0.0,0,0,PROJECT_ROOT\images_normalized\2431_IM-0973-1001.dcm.png,PROJECT_ROOT\images_normalized\2431_IM-0973-2001.dcm.png,PROJECT_ROOT\Experiments\outputs\experiment_06_gradcam_interpretability\heatmaps\correct\normal\2431_gradcam.png
3624,normal,normal,True,0.9945783615112305,0.119017094373703,0.22954419255256653,0.9999998211860657,111,112,PROJECT_ROOT\images_normalized\3624_IM-1794-1001.dcm.png,PROJECT_ROOT\images_normalized\3624_IM-1794-2001.dcm.png,PROJECT_ROOT\Experiments\outputs\experiment_06_gradcam_interpretability\heatmaps\correct\normal\3624_gradcam.png
546,cardiomegaly,pleural_effusion,False,0.7291957139968872,0.17068012058734894,0.2642940580844879,0.9999999403953552,175,143,PROJECT_ROOT\images_normalized\546_IM-2150-1001.dcm.png,PROJECT_ROOT\images_normalized\546_IM-2150-2001.dcm.png,PROJECT_ROOT\Experiments\outputs\experiment_06_gradcam_interpretability\heatmaps\incorrect\cardiomegaly\546_gradcam.png
3903,normal,normal,True,0.9933606386184692,0.05205070599913597,0.15390680730342865,0.9999991059303284,143,112,PROJECT_ROOT\images_normalized\3903_IM-1982-1001.dcm.png,PROJECT_ROOT\images_normalized\3903_IM-1982-2001.dcm.png,PROJECT_ROOT\Experiments\outputs\experiment_06_gradcam_interpretability\heatmaps\correct\normal\3903_gradcam.png
3912,normal,normal,True,0.923208475112915,0.0,0.0,0.0,0,0,PROJECT_ROOT\images_normalized\3912_IM-1988-2001-0002.dcm.png,PROJECT_ROOT\images_normalized\3912_IM-1988-1001.dcm.png,PROJECT_ROOT\Experiments\outputs\experiment_06_gradcam_interpretability\heatmaps\correct\normal\3912_gradcam.png
201,normal,normal,True,0.9334898591041565,0.0,0.0,0.0,0,0,PROJECT_ROOT\images_normalized\201_IM-0660-1001.dcm.png,PROJECT_ROOT\images_normalized\201_IM-0660-3001.dcm.png,PROJECT_ROOT\Experiments\outputs\experiment_06_gradcam_interpretability\heatmaps\correct\normal\201_gradcam.png
3777,normal,normal,True,0.9962804913520813,0.04294295608997345,0.1353919357061386,0.9999996423721313,144,143,PROJECT_ROOT\images_normalized\3777_IM-1894-1001.dcm.png,PROJECT_ROOT\images_normalized\3777_IM-1894-2001.dcm.png,PROJECT_ROOT\Experiments\outputs\experiment_06_gradcam_interpretability\heatmaps\correct\normal\3777_gradcam.png
99,normal,normal,True,0.9998230338096619,0.0,0.0,0.0,0,0,PROJECT_ROOT\images_normalized\99_IM-2476-1001.dcm.png,PROJECT_ROOT\images_normalized\99_IM-2476-1002.dcm.png,PROJECT_ROOT\Experiments\outputs\experiment_06_gradcam_interpretability\heatmaps\correct\normal\99_gradcam.png
96,normal,normal,True,0.9702133536338806,0.0,0.0,0.0,0,0,PROJECT_ROOT\images_normalized\96_IM-2450-2002.dcm.png,PROJECT_ROOT\images_normalized\96_IM-2450-3003.dcm.png,PROJECT_ROOT\Experiments\outputs\experiment_06_gradcam_interpretability\heatmaps\correct\normal\96_gradcam.png
706,normal,normal,True,0.9277317523956299,0.0,0.0,0.0,0,0,PROJECT_ROOT\images_normalized\706_IM-2269-4004.dcm.png,PROJECT_ROOT\images_normalized\706_IM-2269-1001.dcm.png,PROJECT_ROOT\Experiments\outputs\experiment_06_gradcam_interpretability\heatmaps\correct\normal\706_gradcam.png
1448,normal,normal,True,0.9994004964828491,0.0,0.0,0.0,0,0,PROJECT_ROOT\images_normalized\1448_IM-0289-1001.dcm.png,PROJECT_ROOT\images_normalized\1448_IM-0289-2001.dcm.png,PROJECT_ROOT\Experiments\outputs\experiment_06_gradcam_interpretability\heatmaps\correct\normal\1448_gradcam.png
3829,cardiomegaly,cardiomegaly,True,0.9669559597969055,0.5574861168861389,0.20829497277736664,0.9999998807907104,144,143,PROJECT_ROOT\images_normalized\3829_IM-1932-1001.dcm.png,PROJECT_ROOT\images_normalized\3829_IM-1932-2001.dcm.png,PROJECT_ROOT\Experiments\outputs\experiment_06_gradcam_interpretability\heatmaps\correct\cardiomegaly\3829_gradcam.png
842,normal,normal,True,0.9999624490737915,0.0,0.0,0.0,0,0,PROJECT_ROOT\images_normalized\842_IM-2366-1001.dcm.png,PROJECT_ROOT\images_normalized\842_IM-2366-2001.dcm.png,PROJECT_ROOT\Experiments\outputs\experiment_06_gradcam_interpretability\heatmaps\correct\normal\842_gradcam.png
1037,normal,normal,True,0.8862619996070862,0.0,0.0,0.0,0,0,PROJECT_ROOT\images_normalized\1037_IM-0029-1001.dcm.png,PROJECT_ROOT\images_normalized\1037_IM-0029-2001.dcm.png,PROJECT_ROOT\Experiments\outputs\experiment_06_gradcam_interpretability\heatmaps\correct\normal\1037_gradcam.png
1604,pleural_effusion,normal,False,0.9998449087142944,0.0,0.0,0.0,0,0,PROJECT_ROOT\images_normalized\1604_IM-0392-1001.dcm.png,PROJECT_ROOT\images_normalized\1604_IM-0392-2001.dcm.png,PROJECT_ROOT\Experiments\outputs\experiment_06_gradcam_interpretability\heatmaps\incorrect\pleural_effusion\1604_gradcam.png
2699,normal,normal,True,0.9993096590042114,0.0,0.0,0.0,0,0,PROJECT_ROOT\images_normalized\2699_IM-1167-1001.dcm.png,PROJECT_ROOT\images_normalized\2699_IM-1167-2001.dcm.png,PROJECT_ROOT\Experiments\outputs\experiment_06_gradcam_interpretability\heatmaps\correct\normal\2699_gradcam.png
1237,normal,normal,True,0.9999886751174927,0.0,0.0,0.0,0,0,PROJECT_ROOT\images_normalized\1237_IM-0159-1001.dcm.png,PROJECT_ROOT\images_normalized\1237_IM-0159-1002.dcm.png,PROJECT_ROOT\Experiments\outputs\experiment_06_gradcam_interpretability\heatmaps\correct\normal\1237_gradcam.png
284,normal,normal,True,0.9979148507118225,0.0,0.0,0.0,0,0,PROJECT_ROOT\images_normalized\284_IM-1252-5005.dcm.png,PROJECT_ROOT\images_normalized\284_IM-1252-1001.dcm.png,PROJECT_ROOT\Experiments\outputs\experiment_06_gradcam_interpretability\heatmaps\correct\normal\284_gradcam.png
3390,normal,normal,True,0.9983367919921875,0.0,0.0,0.0,0,0,PROJECT_ROOT\images_normalized\3390_IM-1636-3001.dcm.png,PROJECT_ROOT\images_normalized\3390_IM-1636-2001.dcm.png,PROJECT_ROOT\Experiments\outputs\experiment_06_gradcam_interpretability\heatmaps\correct\normal\3390_gradcam.png
3083,normal,normal,True,0.9677743315696716,0.0,0.0,0.0,0,0,PROJECT_ROOT\images_normalized\3083_IM-1442-7001.dcm.png,PROJECT_ROOT\images_normalized\3083_IM-1442-8001.dcm.png,PROJECT_ROOT\Experiments\outputs\experiment_06_gradcam_interpretability\heatmaps\correct\normal\3083_gradcam.png
79,normal,normal,True,0.9998761415481567,0.0,0.0,0.0,0,0,PROJECT_ROOT\images_normalized\79_IM-2329-1001.dcm.png,PROJECT_ROOT\images_normalized\79_IM-2329-2001.dcm.png,PROJECT_ROOT\Experiments\outputs\experiment_06_gradcam_interpretability\heatmaps\correct\normal\79_gradcam.png
850,normal,normal,True,0.7748602628707886,0.0,0.0,0.0,0,0,PROJECT_ROOT\images_normalized\850_IM-2373-0001-0001.dcm.png,PROJECT_ROOT\images_normalized\850_IM-2373-0001-0002.dcm.png,PROJECT_ROOT\Experiments\outputs\experiment_06_gradcam_interpretability\heatmaps\correct\normal\850_gradcam.png
3764,normal,normal,True,0.9997674822807312,0.0,0.0,0.0,0,0,PROJECT_ROOT\images_normalized\3764_IM-1884-1001.dcm.png,PROJECT_ROOT\images_normalized\3764_IM-1884-1002.dcm.png,PROJECT_ROOT\Experiments\outputs\experiment_06_gradcam_interpretability\heatmaps\correct\normal\3764_gradcam.png
1460,normal,normal,True,0.9999103546142578,0.021061118692159653,0.09597759693861008,0.999997079372406,143,111,PROJECT_ROOT\images_normalized\1460_IM-0298-1001.dcm.png,PROJECT_ROOT\images_normalized\1460_IM-0298-2001.dcm.png,PROJECT_ROOT\Experiments\outputs\experiment_06_gradcam_interpretability\heatmaps\correct\normal\1460_gradcam.png
744,pneumonia_or_opacity,normal,False,0.9992913007736206,0.0,0.0,0.0,0,0,PROJECT_ROOT\images_normalized\744_IM-2299-1001.dcm.png,PROJECT_ROOT\images_normalized\744_IM-2299-2001.dcm.png,PROJECT_ROOT\Experiments\outputs\experiment_06_gradcam_interpretability\heatmaps\incorrect\pneumonia_or_opacity\744_gradcam.png
827,chronic_lung_disease,normal,False,0.9995923638343811,0.0,0.0,0.0,0,0,PROJECT_ROOT\images_normalized\827_IM-2356-1001.dcm.png,PROJECT_ROOT\images_normalized\827_IM-2356-1002.dcm.png,PROJECT_ROOT\Experiments\outputs\experiment_06_gradcam_interpretability\heatmaps\incorrect\chronic_lung_disease\827_gradcam.png
1525,pneumonia_or_opacity,pneumonia_or_opacity,True,0.9916108250617981,0.12615320086479187,0.23558758199214935,0.9999997019767761,143,80,PROJECT_ROOT\images_normalized\1525_IM-0340-3001.dcm.png,PROJECT_ROOT\images_normalized\1525_IM-0340-1001.dcm.png,PROJECT_ROOT\Experiments\outputs\experiment_06_gradcam_interpretability\heatmaps\correct\pneumonia_or_opacity\1525_gradcam.png
3931,normal,normal,True,0.9980893731117249,0.0,0.0,0.0,0,0,PROJECT_ROOT\images_normalized\3931_IM-2003-3001.dcm.png,PROJECT_ROOT\images_normalized\3931_IM-2003-1001.dcm.png,PROJECT_ROOT\Experiments\outputs\experiment_06_gradcam_interpretability\heatmaps\correct\normal\3931_gradcam.png
80,normal,normal,True,0.9999126195907593,0.0,0.0,0.0,0,0,PROJECT_ROOT\images_normalized\80_IM-2333-1001.dcm.png,PROJECT_ROOT\images_normalized\80_IM-2333-2001.dcm.png,PROJECT_ROOT\Experiments\outputs\experiment_06_gradcam_interpretability\heatmaps\correct\normal\80_gradcam.png
3690,cardiomegaly,normal,False,0.9991387128829956,0.0,0.0,0.0,0,0,PROJECT_ROOT\images_normalized\3690_IM-1841-1001.dcm.png,PROJECT_ROOT\images_normalized\3690_IM-1841-2001.dcm.png,PROJECT_ROOT\Experiments\outputs\experiment_06_gradcam_interpretability\heatmaps\incorrect\cardiomegaly\3690_gradcam.png
1755,pleural_effusion,normal,False,0.9961642026901245,0.02820688858628273,0.10750986635684967,0.9999993443489075,111,143,PROJECT_ROOT\images_normalized\1755_IM-0494-1001.dcm.png,PROJECT_ROOT\images_normalized\1755_IM-0494-2001.dcm.png,PROJECT_ROOT\Experiments\outputs\experiment_06_gradcam_interpretability\heatmaps\incorrect\pleural_effusion\1755_gradcam.png
3117,normal,normal,True,0.9999874830245972,0.0,0.0,0.0,0,0,PROJECT_ROOT\images_normalized\3117_IM-1465-1001.dcm.png,PROJECT_ROOT\images_normalized\3117_IM-1465-2001.dcm.png,PROJECT_ROOT\Experiments\outputs\experiment_06_gradcam_interpretability\heatmaps\correct\normal\3117_gradcam.png
3744,normal,normal,True,0.9455936551094055,0.042551569640636444,0.13506202399730682,0.9999995827674866,79,111,PROJECT_ROOT\images_normalized\3744_IM-1871-0001-0001.dcm.png,PROJECT_ROOT\images_normalized\3744_IM-1871-0001-0002.dcm.png,PROJECT_ROOT\Experiments\outputs\experiment_06_gradcam_interpretability\heatmaps\correct\normal\3744_gradcam.png
3206,normal,normal,True,0.9999555349349976,0.0,0.0,0.0,0,0,PROJECT_ROOT\images_normalized\3206_IM-1513-1001.dcm.png,PROJECT_ROOT\images_normalized\3206_IM-1513-1002.dcm.png,PROJECT_ROOT\Experiments\outputs\experiment_06_gradcam_interpretability\heatmaps\correct\normal\3206_gradcam.png
1739,normal,pneumonia_or_opacity,False,0.9950916767120361,0.0,0.0,0.0,0,0,PROJECT_ROOT\images_normalized\1739_IM-0487-1001.dcm.png,PROJECT_ROOT\images_normalized\1739_IM-0487-2001.dcm.png,PROJECT_ROOT\Experiments\outputs\experiment_06_gradcam_interpretability\heatmaps\incorrect\normal\1739_gradcam.png
11,normal,normal,True,0.9999791383743286,0.11094788461923599,0.21932391822338104,0.9999998807907104,144,111,PROJECT_ROOT\images_normalized\11_IM-0067-1001.dcm.png,PROJECT_ROOT\images_normalized\11_IM-0067-2001.dcm.png,PROJECT_ROOT\Experiments\outputs\experiment_06_gradcam_interpretability\heatmaps\correct\normal\11_gradcam.png
3175,normal,normal,True,0.9460719227790833,0.0,0.0,0.0,0,0,PROJECT_ROOT\images_normalized\3175_IM-1497-1001.dcm.png,PROJECT_ROOT\images_normalized\3175_IM-1497-1002.dcm.png,PROJECT_ROOT\Experiments\outputs\experiment_06_gradcam_interpretability\heatmaps\correct\normal\3175_gradcam.png
438,normal,normal,True,0.9999719858169556,0.0,0.0,0.0,0,0,PROJECT_ROOT\images_normalized\438_IM-2078-1001.dcm.png,PROJECT_ROOT\images_normalized\438_IM-2078-2001.dcm.png,PROJECT_ROOT\Experiments\outputs\experiment_06_gradcam_interpretability\heatmaps\correct\normal\438_gradcam.png
1350,normal,normal,True,0.7123429179191589,0.0805082693696022,0.1892535239458084,0.9999998211860657,143,143,PROJECT_ROOT\images_normalized\1350_IM-0227-1001.dcm.png,PROJECT_ROOT\images_normalized\1350_IM-0227-2001.dcm.png,PROJECT_ROOT\Experiments\outputs\experiment_06_gradcam_interpretability\heatmaps\correct\normal\1350_gradcam.png
3739,normal,normal,True,0.9993532299995422,0.0,0.0,0.0,0,0,PROJECT_ROOT\images_normalized\3739_IM-1868-1001.dcm.png,PROJECT_ROOT\images_normalized\3739_IM-1868-2001.dcm.png,PROJECT_ROOT\Experiments\outputs\experiment_06_gradcam_interpretability\heatmaps\correct\normal\3739_gradcam.png
3613,normal,normal,True,0.9916650652885437,0.0,0.0,0.0,0,0,PROJECT_ROOT\images_normalized\3613_IM-1786-2002.dcm.png,PROJECT_ROOT\images_normalized\3613_IM-1786-3003.dcm.png,PROJECT_ROOT\Experiments\outputs\experiment_06_gradcam_interpretability\heatmaps\correct\normal\3613_gradcam.png
3989,normal,normal,True,0.9994416832923889,0.0,0.0,0.0,0,0,PROJECT_ROOT\images_normalized\3989_IM-2042-1001.dcm.png,PROJECT_ROOT\images_normalized\3989_IM-2042-2001.dcm.png,PROJECT_ROOT\Experiments\outputs\experiment_06_gradcam_interpretability\heatmaps\correct\normal\3989_gradcam.png
3335,normal,normal,True,0.9993997812271118,0.06830712407827377,0.16713163256645203,0.9999997615814209,143,143,PROJECT_ROOT\images_normalized\3335_IM-1598-1001.dcm.png,PROJECT_ROOT\images_normalized\3335_IM-1598-2001.dcm.png,PROJECT_ROOT\Experiments\outputs\experiment_06_gradcam_interpretability\heatmaps\correct\normal\3335_gradcam.png
663,normal,normal,True,0.9921836256980896,0.0,0.0,0.0,0,0,PROJECT_ROOT\images_normalized\663_IM-2239-1001.dcm.png,PROJECT_ROOT\images_normalized\663_IM-2239-2001.dcm.png,PROJECT_ROOT\Experiments\outputs\experiment_06_gradcam_interpretability\heatmaps\correct\normal\663_gradcam.png
2950,normal,pleural_effusion,False,0.8922708630561829,0.2607320249080658,0.29546496272087097,0.9999996423721313,144,79,PROJECT_ROOT\images_normalized\2950_IM-1348-1001.dcm.png,PROJECT_ROOT\images_normalized\2950_IM-1348-2001.dcm.png,PROJECT_ROOT\Experiments\outputs\experiment_06_gradcam_interpretability\heatmaps\incorrect\normal\2950_gradcam.png
1416,pneumonia_or_opacity,cardiomegaly,False,0.8181629180908203,0.3960932493209839,0.223003089427948,0.9999998807907104,111,48,PROJECT_ROOT\images_normalized\1416_IM-0265-1001.dcm.png,PROJECT_ROOT\images_normalized\1416_IM-0265-2001.dcm.png,PROJECT_ROOT\Experiments\outputs\experiment_06_gradcam_interpretability\heatmaps\incorrect\pneumonia_or_opacity\1416_gradcam.png
1854,normal,normal,True,0.8922552466392517,0.0,0.0,0.0,0,0,PROJECT_ROOT\images_normalized\1854_IM-0555-1001.dcm.png,PROJECT_ROOT\images_normalized\1854_IM-0555-2001.dcm.png,PROJECT_ROOT\Experiments\outputs\experiment_06_gradcam_interpretability\heatmaps\correct\normal\1854_gradcam.png
1849,normal,normal,True,0.9586074352264404,0.0,0.0,0.0,0,0,PROJECT_ROOT\images_normalized\1849_IM-0550-1001.dcm.png,PROJECT_ROOT\images_normalized\1849_IM-0550-1002.dcm.png,PROJECT_ROOT\Experiments\outputs\experiment_06_gradcam_interpretability\heatmaps\correct\normal\1849_gradcam.png
3837,normal,normal,True,0.9999537467956543,0.0,0.0,0.0,0,0,PROJECT_ROOT\images_normalized\3837_IM-1939-1001.dcm.png,PROJECT_ROOT\images_normalized\3837_IM-1939-2001.dcm.png,PROJECT_ROOT\Experiments\outputs\experiment_06_gradcam_interpretability\heatmaps\correct\normal\3837_gradcam.png
174,normal,normal,True,0.9655289053916931,0.0,0.0,0.0,0,0,PROJECT_ROOT\images_normalized\174_IM-0488-1001.dcm.png,PROJECT_ROOT\images_normalized\174_IM-0488-2001.dcm.png,PROJECT_ROOT\Experiments\outputs\experiment_06_gradcam_interpretability\heatmaps\correct\normal\174_gradcam.png
2575,normal,normal,True,0.9991084933280945,0.03521723672747612,0.12040778249502182,0.9999991059303284,175,112,PROJECT_ROOT\images_normalized\2575_IM-1075-1001.dcm.png,PROJECT_ROOT\images_normalized\2575_IM-1075-2001.dcm.png,PROJECT_ROOT\Experiments\outputs\experiment_06_gradcam_interpretability\heatmaps\correct\normal\2575_gradcam.png
1139,cardiomegaly,cardiomegaly,True,0.855741560459137,0.4418356716632843,0.24902823567390442,0.9999999403953552,47,175,PROJECT_ROOT\images_normalized\1139_IM-0095-1001.dcm.png,PROJECT_ROOT\images_normalized\1139_IM-0095-2001.dcm.png,PROJECT_ROOT\Experiments\outputs\experiment_06_gradcam_interpretability\heatmaps\correct\cardiomegaly\1139_gradcam.png
3954,normal,normal,True,0.9998605251312256,0.0,0.0,0.0,0,0,PROJECT_ROOT\images_normalized\3954_IM-2021-1001.dcm.png,PROJECT_ROOT\images_normalized\3954_IM-2021-1002.dcm.png,PROJECT_ROOT\Experiments\outputs\experiment_06_gradcam_interpretability\heatmaps\correct\normal\3954_gradcam.png
16,normal,normal,True,0.9542298913002014,0.0,0.0,0.0,0,0,PROJECT_ROOT\images_normalized\16_IM-0389-1001.dcm.png,PROJECT_ROOT\images_normalized\16_IM-0389-2001.dcm.png,PROJECT_ROOT\Experiments\outputs\experiment_06_gradcam_interpretability\heatmaps\correct\normal\16_gradcam.png
3540,normal,normal,True,0.9957669973373413,0.0,0.0,0.0,0,0,PROJECT_ROOT\images_normalized\3540_IM-1732-1001.dcm.png,PROJECT_ROOT\images_normalized\3540_IM-1732-2001.dcm.png,PROJECT_ROOT\Experiments\outputs\experiment_06_gradcam_interpretability\heatmaps\correct\normal\3540_gradcam.png
1634,chronic_lung_disease,normal,False,0.9966521859169006,0.0,0.0,0.0,0,0,PROJECT_ROOT\images_normalized\1634_IM-0414-2002.dcm.png,PROJECT_ROOT\images_normalized\1634_IM-0414-3003.dcm.png,PROJECT_ROOT\Experiments\outputs\experiment_06_gradcam_interpretability\heatmaps\incorrect\chronic_lung_disease\1634_gradcam.png
1935,cardiomegaly,normal,False,0.6597963571548462,0.0,0.0,0.0,0,0,PROJECT_ROOT\images_normalized\1935_IM-0605-0001-0001.dcm.png,PROJECT_ROOT\images_normalized\1935_IM-0605-0001-0002.dcm.png,PROJECT_ROOT\Experiments\outputs\experiment_06_gradcam_interpretability\heatmaps\incorrect\cardiomegaly\1935_gradcam.png
364,normal,normal,True,0.9999282360076904,0.0,0.0,0.0,0,0,PROJECT_ROOT\images_normalized\364_IM-1804-1001.dcm.png,PROJECT_ROOT\images_normalized\364_IM-1804-2001.dcm.png,PROJECT_ROOT\Experiments\outputs\experiment_06_gradcam_interpretability\heatmaps\correct\normal\364_gradcam.png
2543,cardiomegaly,cardiomegaly,True,0.9993138313293457,0.2644168436527252,0.3065187931060791,0.9999997019767761,47,111,PROJECT_ROOT\images_normalized\2543_IM-1054-2001.dcm.png,PROJECT_ROOT\images_normalized\2543_IM-1054-3001.dcm.png,PROJECT_ROOT\Experiments\outputs\experiment_06_gradcam_interpretability\heatmaps\correct\cardiomegaly\2543_gradcam.png
1760,normal,cardiomegaly,False,0.6693748831748962,0.5309204459190369,0.19799813628196716,0.9999998807907104,175,175,PROJECT_ROOT\images_normalized\1760_IM-0497-1001.dcm.png,PROJECT_ROOT\images_normalized\1760_IM-0497-1002.dcm.png,PROJECT_ROOT\Experiments\outputs\experiment_06_gradcam_interpretability\heatmaps\incorrect\normal\1760_gradcam.png
3946,normal,normal,True,0.9995958209037781,0.0,0.0,0.0,0,0,PROJECT_ROOT\images_normalized\3946_IM-2015-1001.dcm.png,PROJECT_ROOT\images_normalized\3946_IM-2015-2001.dcm.png,PROJECT_ROOT\Experiments\outputs\experiment_06_gradcam_interpretability\heatmaps\correct\normal\3946_gradcam.png
3344,normal,normal,True,0.9999011754989624,0.0,0.0,0.0,0,0,PROJECT_ROOT\images_normalized\3344_IM-1603-1001.dcm.png,PROJECT_ROOT\images_normalized\3344_IM-1603-2001.dcm.png,PROJECT_ROOT\Experiments\outputs\experiment_06_gradcam_interpretability\heatmaps\correct\normal\3344_gradcam.png
195,normal,normal,True,0.9954833984375,0.0,0.0,0.0,0,0,PROJECT_ROOT\images_normalized\195_IM-0618-1002.dcm.png,PROJECT_ROOT\images_normalized\195_IM-0618-1001.dcm.png,PROJECT_ROOT\Experiments\outputs\experiment_06_gradcam_interpretability\heatmaps\correct\normal\195_gradcam.png
146,pneumonia_or_opacity,normal,False,0.9230618476867676,0.0,0.0,0.0,0,0,PROJECT_ROOT\images_normalized\146_IM-0298-1001-0001.dcm.png,PROJECT_ROOT\images_normalized\146_IM-0298-2001.dcm.png,PROJECT_ROOT\Experiments\outputs\experiment_06_gradcam_interpretability\heatmaps\incorrect\pneumonia_or_opacity\146_gradcam.png
111,pleural_effusion,cardiomegaly,False,0.637219250202179,0.2794055640697479,0.2708200514316559,0.9999999403953552,176,80,PROJECT_ROOT\images_normalized\111_IM-0076-1001.dcm.png,PROJECT_ROOT\images_normalized\111_IM-0076-1002.dcm.png,PROJECT_ROOT\Experiments\outputs\experiment_06_gradcam_interpretability\heatmaps\incorrect\pleural_effusion\111_gradcam.png
3091,normal,normal,True,0.9998021721839905,0.06442385166883469,0.16023509204387665,0.9999991059303284,175,143,PROJECT_ROOT\images_normalized\3091_IM-1445-1001.dcm.png,PROJECT_ROOT\images_normalized\3091_IM-1445-2001.dcm.png,PROJECT_ROOT\Experiments\outputs\experiment_06_gradcam_interpretability\heatmaps\correct\normal\3091_gradcam.png
3609,cardiomegaly,normal,False,0.9832000732421875,0.0,0.0,0.0,0,0,PROJECT_ROOT\images_normalized\3609_IM-1782-2001.dcm.png,PROJECT_ROOT\images_normalized\3609_IM-1782-3001.dcm.png,PROJECT_ROOT\Experiments\outputs\experiment_06_gradcam_interpretability\heatmaps\incorrect\cardiomegaly\3609_gradcam.png
1614,cardiomegaly,pleural_effusion,False,0.4127543568611145,0.0810529813170433,0.20374616980552673,0.9999996423721313,47,47,PROJECT_ROOT\images_normalized\1614_IM-0397-1001.dcm.png,PROJECT_ROOT\images_normalized\1614_IM-0397-2001.dcm.png,PROJECT_ROOT\Experiments\outputs\experiment_06_gradcam_interpretability\heatmaps\incorrect\cardiomegaly\1614_gradcam.png
2626,normal,normal,True,0.9899135828018188,0.049995630979537964,0.14353437721729279,0.9999982714653015,143,112,PROJECT_ROOT\images_normalized\2626_IM-1113-2001.dcm.png,PROJECT_ROOT\images_normalized\2626_IM-1113-1001.dcm.png,PROJECT_ROOT\Experiments\outputs\experiment_06_gradcam_interpretability\heatmaps\correct\normal\2626_gradcam.png
884,normal,normal,True,0.9959635734558105,0.0,0.0,0.0,0,0,PROJECT_ROOT\images_normalized\884_IM-2398-1001.dcm.png,PROJECT_ROOT\images_normalized\884_IM-2398-1002.dcm.png,PROJECT_ROOT\Experiments\outputs\experiment_06_gradcam_interpretability\heatmaps\correct\normal\884_gradcam.png
122,normal,normal,True,0.9927017688751221,0.0,0.0,0.0,0,0,PROJECT_ROOT\images_normalized\122_IM-0147-0001-0001.dcm.png,PROJECT_ROOT\images_normalized\122_IM-0147-0001-0002.dcm.png,PROJECT_ROOT\Experiments\outputs\experiment_06_gradcam_interpretability\heatmaps\correct\normal\122_gradcam.png
2531,normal,normal,True,0.9989799857139587,0.0,0.0,0.0,0,0,PROJECT_ROOT\images_normalized\2531_IM-1045-1001.dcm.png,PROJECT_ROOT\images_normalized\2531_IM-1045-2001.dcm.png,PROJECT_ROOT\Experiments\outputs\experiment_06_gradcam_interpretability\heatmaps\correct\normal\2531_gradcam.png
374,cardiomegaly,cardiomegaly,True,0.9989657402038574,0.28072693943977356,0.2254335582256317,0.9999998807907104,48,48,PROJECT_ROOT\images_normalized\374_IM-1868-1001.dcm.png,PROJECT_ROOT\images_normalized\374_IM-1868-2001.dcm.png,PROJECT_ROOT\Experiments\outputs\experiment_06_gradcam_interpretability\heatmaps\correct\cardiomegaly\374_gradcam.png
277,pneumonia_or_opacity,normal,False,0.5070247650146484,0.1723845899105072,0.2772502303123474,0.9999997615814209,112,111,PROJECT_ROOT\images_normalized\277_IM-1213-1001.dcm.png,PROJECT_ROOT\images_normalized\277_IM-1213-2001.dcm.png,PROJECT_ROOT\Experiments\outputs\experiment_06_gradcam_interpretability\heatmaps\incorrect\pneumonia_or_opacity\277_gradcam.png
1051,normal,normal,True,0.9129866361618042,0.0,0.0,0.0,0,0,PROJECT_ROOT\images_normalized\1051_IM-0039-5001.dcm.png,PROJECT_ROOT\images_normalized\1051_IM-0039-6001.dcm.png,PROJECT_ROOT\Experiments\outputs\experiment_06_gradcam_interpretability\heatmaps\correct\normal\1051_gradcam.png
2056,normal,normal,True,0.8410334587097168,0.0,0.0,0.0,0,0,PROJECT_ROOT\images_normalized\2056_IM-0694-1001-0002.dcm.png,PROJECT_ROOT\images_normalized\2056_IM-0694-1001-0001.dcm.png,PROJECT_ROOT\Experiments\outputs\experiment_06_gradcam_interpretability\heatmaps\correct\normal\2056_gradcam.png
2773,normal,normal,True,0.9998078942298889,0.0,0.0,0.0,0,0,PROJECT_ROOT\images_normalized\2773_IM-1214-1001.dcm.png,PROJECT_ROOT\images_normalized\2773_IM-1214-2001.dcm.png,PROJECT_ROOT\Experiments\outputs\experiment_06_gradcam_interpretability\heatmaps\correct\normal\2773_gradcam.png
229,normal,normal,True,0.9998477697372437,0.0,0.0,0.0,0,0,PROJECT_ROOT\images_normalized\229_IM-0873-1001.dcm.png,PROJECT_ROOT\images_normalized\229_IM-0873-2001.dcm.png,PROJECT_ROOT\Experiments\outputs\experiment_06_gradcam_interpretability\heatmaps\correct\normal\229_gradcam.png
329,chronic_lung_disease,normal,False,0.847629725933075,0.0,0.0,0.0,0,0,PROJECT_ROOT\images_normalized\329_IM-1571-1004003.dcm.png,PROJECT_ROOT\images_normalized\329_IM-1571-1003002.dcm.png,PROJECT_ROOT\Experiments\outputs\experiment_06_gradcam_interpretability\heatmaps\incorrect\chronic_lung_disease\329_gradcam.png
1852,normal,normal,True,0.999811589717865,0.03384575992822647,0.116346575319767,0.9999989867210388,143,175,PROJECT_ROOT\images_normalized\1852_IM-0554-1001.dcm.png,PROJECT_ROOT\images_normalized\1852_IM-0554-2001.dcm.png,PROJECT_ROOT\Experiments\outputs\experiment_06_gradcam_interpretability\heatmaps\correct\normal\1852_gradcam.png
226,normal,normal,True,0.9992852807044983,0.0,0.0,0.0,0,0,PROJECT_ROOT\images_normalized\226_IM-0851-1001.dcm.png,PROJECT_ROOT\images_normalized\226_IM-0851-2001.dcm.png,PROJECT_ROOT\Experiments\outputs\experiment_06_gradcam_interpretability\heatmaps\correct\normal\226_gradcam.png
3155,normal,normal,True,0.9996225833892822,0.0,0.0,0.0,0,0,PROJECT_ROOT\images_normalized\3155_IM-1486-1001.dcm.png,PROJECT_ROOT\images_normalized\3155_IM-1486-2001.dcm.png,PROJECT_ROOT\Experiments\outputs\experiment_06_gradcam_interpretability\heatmaps\correct\normal\3155_gradcam.png
357,normal,normal,True,0.998788058757782,0.0,0.0,0.0,0,0,PROJECT_ROOT\images_normalized\357_IM-1753-1001.dcm.png,PROJECT_ROOT\images_normalized\357_IM-1753-2001.dcm.png,PROJECT_ROOT\Experiments\outputs\experiment_06_gradcam_interpretability\heatmaps\correct\normal\357_gradcam.png
3259,normal,cardiomegaly,False,0.6409890055656433,0.17008163034915924,0.24980032444000244,0.9999998807907104,111,47,PROJECT_ROOT\images_normalized\3259_IM-1545-1001.dcm.png,PROJECT_ROOT\images_normalized\3259_IM-1545-2001.dcm.png,PROJECT_ROOT\Experiments\outputs\experiment_06_gradcam_interpretability\heatmaps\incorrect\normal\3259_gradcam.png
3332,normal,normal,True,0.580870509147644,0.09909147769212723,0.1999160349369049,0.9999997019767761,111,144,PROJECT_ROOT\images_normalized\3332_IM-1596-1001.dcm.png,PROJECT_ROOT\images_normalized\3332_IM-1596-2001.dcm.png,PROJECT_ROOT\Experiments\outputs\experiment_06_gradcam_interpretability\heatmaps\correct\normal\3332_gradcam.png
1276,normal,normal,True,0.9989632368087769,0.0,0.0,0.0,0,0,PROJECT_ROOT\images_normalized\1276_IM-0184-1001.dcm.png,PROJECT_ROOT\images_normalized\1276_IM-0184-2001.dcm.png,PROJECT_ROOT\Experiments\outputs\experiment_06_gradcam_interpretability\heatmaps\correct\normal\1276_gradcam.png
2714,normal,normal,True,0.999778687953949,0.0,0.0,0.0,0,0,PROJECT_ROOT\images_normalized\2714_IM-1180-1001.dcm.png,PROJECT_ROOT\images_normalized\2714_IM-1180-2001.dcm.png,PROJECT_ROOT\Experiments\outputs\experiment_06_gradcam_interpretability\heatmaps\correct\normal\2714_gradcam.png
584,normal,normal,True,0.9990636706352234,0.0,0.0,0.0,0,0,PROJECT_ROOT\images_normalized\584_IM-2181-1001.dcm.png,PROJECT_ROOT\images_normalized\584_IM-2181-2001.dcm.png,PROJECT_ROOT\Experiments\outputs\experiment_06_gradcam_interpretability\heatmaps\correct\normal\584_gradcam.png
712,normal,normal,True,0.8996694684028625,0.0,0.0,0.0,0,0,PROJECT_ROOT\images_normalized\712_IM-2274-0001-0003.dcm.png,PROJECT_ROOT\images_normalized\712_IM-2274-0001-0002.dcm.png,PROJECT_ROOT\Experiments\outputs\experiment_06_gradcam_interpretability\heatmaps\correct\normal\712_gradcam.png
633,normal,normal,True,0.9999150037765503,0.0,0.0,0.0,0,0,PROJECT_ROOT\images_normalized\633_IM-2213-1001.dcm.png,PROJECT_ROOT\images_normalized\633_IM-2213-2001.dcm.png,PROJECT_ROOT\Experiments\outputs\experiment_06_gradcam_interpretability\heatmaps\correct\normal\633_gradcam.png
1378,normal,normal,True,0.9891527891159058,0.028418444097042084,0.1064499095082283,0.9999991059303284,143,143,PROJECT_ROOT\images_normalized\1378_IM-0242-1001.dcm.png,PROJECT_ROOT\images_normalized\1378_IM-0242-2001.dcm.png,PROJECT_ROOT\Experiments\outputs\experiment_06_gradcam_interpretability\heatmaps\correct\normal\1378_gradcam.png
3553,normal,normal,True,0.9948437213897705,0.0,0.0,0.0,0,0,PROJECT_ROOT\images_normalized\3553_IM-1741-1001.dcm.png,PROJECT_ROOT\images_normalized\3553_IM-1741-2001.dcm.png,PROJECT_ROOT\Experiments\outputs\experiment_06_gradcam_interpretability\heatmaps\correct\normal\3553_gradcam.png
1038,normal,normal,True,0.9755481481552124,0.021061163395643234,0.0959777906537056,0.9999990463256836,143,79,PROJECT_ROOT\images_normalized\1038_IM-0029-1001.dcm.png,PROJECT_ROOT\images_normalized\1038_IM-0029-2001.dcm.png,PROJECT_ROOT\Experiments\outputs\experiment_06_gradcam_interpretability\heatmaps\correct\normal\1038_gradcam.png
1382,normal,normal,True,0.9248159527778625,0.0,0.0,0.0,0,0,PROJECT_ROOT\images_normalized\1382_IM-0245-1001.dcm.png,PROJECT_ROOT\images_normalized\1382_IM-0245-2001.dcm.png,PROJECT_ROOT\Experiments\outputs\experiment_06_gradcam_interpretability\heatmaps\correct\normal\1382_gradcam.png
3341,normal,normal,True,0.9999680519104004,0.0,0.0,0.0,0,0,PROJECT_ROOT\images_normalized\3341_IM-1602-1001.dcm.png,PROJECT_ROOT\images_normalized\3341_IM-1602-1002.dcm.png,PROJECT_ROOT\Experiments\outputs\experiment_06_gradcam_interpretability\heatmaps\correct\normal\3341_gradcam.png
3122,normal,normal,True,0.9997937083244324,0.0,0.0,0.0,0,0,PROJECT_ROOT\images_normalized\3122_IM-1467-1001.dcm.png,PROJECT_ROOT\images_normalized\3122_IM-1467-2001.dcm.png,PROJECT_ROOT\Experiments\outputs\experiment_06_gradcam_interpretability\heatmaps\correct\normal\3122_gradcam.png
1401,pneumonia_or_opacity,normal,False,0.9649798274040222,0.02176438458263874,0.09667555242776871,0.9999989867210388,143,80,PROJECT_ROOT\images_normalized\1401_IM-0256-1001.dcm.png,PROJECT_ROOT\images_normalized\1401_IM-0256-1002.dcm.png,PROJECT_ROOT\Experiments\outputs\experiment_06_gradcam_interpretability\heatmaps\incorrect\pneumonia_or_opacity\1401_gradcam.png
2332,normal,normal,True,0.9996938705444336,0.0,0.0,0.0,0,0,PROJECT_ROOT\images_normalized\2332_IM-0900-1001.dcm.png,PROJECT_ROOT\images_normalized\2332_IM-0900-1002.dcm.png,PROJECT_ROOT\Experiments\outputs\experiment_06_gradcam_interpretability\heatmaps\correct\normal\2332_gradcam.png
1131,normal,normal,True,0.9935065507888794,0.0,0.0,0.0,0,0,PROJECT_ROOT\images_normalized\1131_IM-0088-0001-0002.dcm.png,PROJECT_ROOT\images_normalized\1131_IM-0088-0001-0001.dcm.png,PROJECT_ROOT\Experiments\outputs\experiment_06_gradcam_interpretability\heatmaps\correct\normal\1131_gradcam.png
1364,normal,normal,True,0.9999611377716064,0.0,0.0,0.0,0,0,PROJECT_ROOT\images_normalized\1364_IM-0237-1001.dcm.png,PROJECT_ROOT\images_normalized\1364_IM-0237-2001.dcm.png,PROJECT_ROOT\Experiments\outputs\experiment_06_gradcam_interpretability\heatmaps\correct\normal\1364_gradcam.png
2711,normal,normal,True,0.9974085688591003,0.0331706628203392,0.1137593686580658,0.9999991655349731,144,112,PROJECT_ROOT\images_normalized\2711_IM-1178-0001-0001.dcm.png,PROJECT_ROOT\images_normalized\2711_IM-1178-0001-0002.dcm.png,PROJECT_ROOT\Experiments\outputs\experiment_06_gradcam_interpretability\heatmaps\correct\normal\2711_gradcam.png
3289,normal,normal,True,0.9969196319580078,0.0,0.0,0.0,0,0,PROJECT_ROOT\images_normalized\3289_IM-1570-1001.dcm.png,PROJECT_ROOT\images_normalized\3289_IM-1570-2001.dcm.png,PROJECT_ROOT\Experiments\outputs\experiment_06_gradcam_interpretability\heatmaps\correct\normal\3289_gradcam.png
1067,normal,normal,True,0.9997920393943787,0.0,0.0,0.0,0,0,PROJECT_ROOT\images_normalized\1067_IM-0048-1001.dcm.png,PROJECT_ROOT\images_normalized\1067_IM-0048-2001.dcm.png,PROJECT_ROOT\Experiments\outputs\experiment_06_gradcam_interpretability\heatmaps\correct\normal\1067_gradcam.png
1245,cardiomegaly,normal,False,0.8284733891487122,0.0,0.0,0.0,0,0,PROJECT_ROOT\images_normalized\1245_IM-0167-1001.dcm.png,PROJECT_ROOT\images_normalized\1245_IM-0167-2001.dcm.png,PROJECT_ROOT\Experiments\outputs\experiment_06_gradcam_interpretability\heatmaps\incorrect\cardiomegaly\1245_gradcam.png
1624,normal,normal,True,0.9989020824432373,0.0,0.0,0.0,0,0,PROJECT_ROOT\images_normalized\1624_IM-0406-1001.dcm.png,PROJECT_ROOT\images_normalized\1624_IM-0406-2001.dcm.png,PROJECT_ROOT\Experiments\outputs\experiment_06_gradcam_interpretability\heatmaps\correct\normal\1624_gradcam.png
242,normal,normal,True,0.9997866749763489,0.0,0.0,0.0,0,0,PROJECT_ROOT\images_normalized\242_IM-0963-1001.dcm.png,PROJECT_ROOT\images_normalized\242_IM-0963-2001.dcm.png,PROJECT_ROOT\Experiments\outputs\experiment_06_gradcam_interpretability\heatmaps\correct\normal\242_gradcam.png
1728,pneumonia_or_opacity,normal,False,0.9998582601547241,0.0,0.0,0.0,0,0,PROJECT_ROOT\images_normalized\1728_IM-0479-1001.dcm.png,PROJECT_ROOT\images_normalized\1728_IM-0479-2001.dcm.png,PROJECT_ROOT\Experiments\outputs\experiment_06_gradcam_interpretability\heatmaps\incorrect\pneumonia_or_opacity\1728_gradcam.png
1923,cardiomegaly,normal,False,0.7122238874435425,0.0,0.0,0.0,0,0,PROJECT_ROOT\images_normalized\1923_IM-0598-1001.dcm.png,PROJECT_ROOT\images_normalized\1923_IM-0598-2001.dcm.png,PROJECT_ROOT\Experiments\outputs\experiment_06_gradcam_interpretability\heatmaps\incorrect\cardiomegaly\1923_gradcam.png
3177,normal,normal,True,0.9965968728065491,0.0,0.0,0.0,0,0,PROJECT_ROOT\images_normalized\3177_IM-1497-1001.dcm.png,PROJECT_ROOT\images_normalized\3177_IM-1497-2001.dcm.png,PROJECT_ROOT\Experiments\outputs\experiment_06_gradcam_interpretability\heatmaps\correct\normal\3177_gradcam.png
324,normal,normal,True,0.9999493360519409,0.10723964869976044,0.22270938754081726,0.999999463558197,175,80,PROJECT_ROOT\images_normalized\324_IM-1534-1001.dcm.png,PROJECT_ROOT\images_normalized\324_IM-1534-2001.dcm.png,PROJECT_ROOT\Experiments\outputs\experiment_06_gradcam_interpretability\heatmaps\correct\normal\324_gradcam.png
250,normal,normal,True,0.9952104687690735,0.0,0.0,0.0,0,0,PROJECT_ROOT\images_normalized\250_IM-1025-1001.dcm.png,PROJECT_ROOT\images_normalized\250_IM-1025-2001.dcm.png,PROJECT_ROOT\Experiments\outputs\experiment_06_gradcam_interpretability\heatmaps\correct\normal\250_gradcam.png
2676,cardiomegaly,normal,False,0.626228392124176,0.0,0.0,0.0,0,0,PROJECT_ROOT\images_normalized\2676_IM-1151-1001.dcm.png,PROJECT_ROOT\images_normalized\2676_IM-1151-2001.dcm.png,PROJECT_ROOT\Experiments\outputs\experiment_06_gradcam_interpretability\heatmaps\incorrect\cardiomegaly\2676_gradcam.png
1167,chronic_lung_disease,normal,False,0.9538982510566711,0.058608900755643845,0.15318475663661957,0.9999997019767761,111,111,PROJECT_ROOT\images_normalized\1167_IM-0112-1001.dcm.png,PROJECT_ROOT\images_normalized\1167_IM-0112-2001.dcm.png,PROJECT_ROOT\Experiments\outputs\experiment_06_gradcam_interpretability\heatmaps\incorrect\chronic_lung_disease\1167_gradcam.png
2115,normal,normal,True,0.9765424728393555,0.06100732833147049,0.1751532107591629,0.9999995231628418,112,144,PROJECT_ROOT\images_normalized\2115_IM-0744-1001.dcm.png,PROJECT_ROOT\images_normalized\2115_IM-0744-2001.dcm.png,PROJECT_ROOT\Experiments\outputs\experiment_06_gradcam_interpretability\heatmaps\correct\normal\2115_gradcam.png
742,pneumonia_or_opacity,normal,False,0.9957823753356934,0.0,0.0,0.0,0,0,PROJECT_ROOT\images_normalized\742_IM-2298-1001.dcm.png,PROJECT_ROOT\images_normalized\742_IM-2298-2001.dcm.png,PROJECT_ROOT\Experiments\outputs\experiment_06_gradcam_interpretability\heatmaps\incorrect\pneumonia_or_opacity\742_gradcam.png
3239,normal,normal,True,0.9998902082443237,0.04481334239244461,0.13374024629592896,0.9999995231628418,112,143,PROJECT_ROOT\images_normalized\3239_IM-1534-1001.dcm.png,PROJECT_ROOT\images_normalized\3239_IM-1534-2001.dcm.png,PROJECT_ROOT\Experiments\outputs\experiment_06_gradcam_interpretability\heatmaps\correct\normal\3239_gradcam.png
1814,normal,normal,True,0.9995474219322205,0.0,0.0,0.0,0,0,PROJECT_ROOT\images_normalized\1814_IM-0527-1001.dcm.png,PROJECT_ROOT\images_normalized\1814_IM-0527-2001.dcm.png,PROJECT_ROOT\Experiments\outputs\experiment_06_gradcam_interpretability\heatmaps\correct\normal\1814_gradcam.png
1756,normal,pleural_effusion,False,0.686496376991272,0.1708071380853653,0.2373967468738556,0.9999998807907104,47,111,PROJECT_ROOT\images_normalized\1756_IM-0494-1001.dcm.png,PROJECT_ROOT\images_normalized\1756_IM-0494-2001.dcm.png,PROJECT_ROOT\Experiments\outputs\experiment_06_gradcam_interpretability\heatmaps\incorrect\normal\1756_gradcam.png
2594,pneumonia_or_opacity,normal,False,0.9982801675796509,0.0,0.0,0.0,0,0,PROJECT_ROOT\images_normalized\2594_IM-1085-1001.dcm.png,PROJECT_ROOT\images_normalized\2594_IM-1085-3001.dcm.png,PROJECT_ROOT\Experiments\outputs\experiment_06_gradcam_interpretability\heatmaps\incorrect\pneumonia_or_opacity\2594_gradcam.png
918,normal,normal,True,0.9984883069992065,0.0733969435095787,0.20234805345535278,0.9999986886978149,143,111,PROJECT_ROOT\images_normalized\918_IM-2420-4004.dcm.png,PROJECT_ROOT\images_normalized\918_IM-2420-4001.dcm.png,PROJECT_ROOT\Experiments\outputs\experiment_06_gradcam_interpretability\heatmaps\correct\normal\918_gradcam.png
997,normal,normal,True,0.9999196529388428,0.0,0.0,0.0,0,0,PROJECT_ROOT\images_normalized\997_IM-2479-1001.dcm.png,PROJECT_ROOT\images_normalized\997_IM-2479-2001.dcm.png,PROJECT_ROOT\Experiments\outputs\experiment_06_gradcam_interpretability\heatmaps\correct\normal\997_gradcam.png
2892,normal,normal,True,0.9993483424186707,0.0,0.0,0.0,0,0,PROJECT_ROOT\images_normalized\2892_IM-1295-1001.dcm.png,PROJECT_ROOT\images_normalized\2892_IM-1295-2001.dcm.png,PROJECT_ROOT\Experiments\outputs\experiment_06_gradcam_interpretability\heatmaps\correct\normal\2892_gradcam.png
1551,normal,normal,True,0.9694562554359436,0.050015002489089966,0.15251384675502777,0.9999994039535522,143,80,PROJECT_ROOT\images_normalized\1551_IM-0359-1001.dcm.png,PROJECT_ROOT\images_normalized\1551_IM-0359-2001.dcm.png,PROJECT_ROOT\Experiments\outputs\experiment_06_gradcam_interpretability\heatmaps\correct\normal\1551_gradcam.png
3241,pneumonia_or_opacity,normal,False,0.9839397668838501,0.0,0.0,0.0,0,0,PROJECT_ROOT\images_normalized\3241_IM-1534-1001.dcm.png,PROJECT_ROOT\images_normalized\3241_IM-1534-2001.dcm.png,PROJECT_ROOT\Experiments\outputs\experiment_06_gradcam_interpretability\heatmaps\incorrect\pneumonia_or_opacity\3241_gradcam.png
3944,normal,normal,True,0.9992185831069946,0.0,0.0,0.0,0,0,PROJECT_ROOT\images_normalized\3944_IM-2014-1001.dcm.png,PROJECT_ROOT\images_normalized\3944_IM-2014-2001.dcm.png,PROJECT_ROOT\Experiments\outputs\experiment_06_gradcam_interpretability\heatmaps\correct\normal\3944_gradcam.png
2243,normal,normal,True,0.9995286464691162,0.0,0.0,0.0,0,0,PROJECT_ROOT\images_normalized\2243_IM-0840-4001.dcm.png,PROJECT_ROOT\images_normalized\2243_IM-0840-2001.dcm.png,PROJECT_ROOT\Experiments\outputs\experiment_06_gradcam_interpretability\heatmaps\correct\normal\2243_gradcam.png
2595,normal,normal,True,0.9980873465538025,0.0,0.0,0.0,0,0,PROJECT_ROOT\images_normalized\2595_IM-1086-1001.dcm.png,PROJECT_ROOT\images_normalized\2595_IM-1086-2001.dcm.png,PROJECT_ROOT\Experiments\outputs\experiment_06_gradcam_interpretability\heatmaps\correct\normal\2595_gradcam.png
2964,normal,normal,True,0.9999409914016724,0.0,0.0,0.0,0,0,PROJECT_ROOT\images_normalized\2964_IM-1357-2001.dcm.png,PROJECT_ROOT\images_normalized\2964_IM-1357-3001.dcm.png,PROJECT_ROOT\Experiments\outputs\experiment_06_gradcam_interpretability\heatmaps\correct\normal\2964_gradcam.png
1752,pneumonia_or_opacity,pneumonia_or_opacity,True,0.8568645715713501,0.14480504393577576,0.25213709473609924,0.9999999403953552,48,175,PROJECT_ROOT\images_normalized\1752_IM-0494-1001.dcm.png,PROJECT_ROOT\images_normalized\1752_IM-0494-2001.dcm.png,PROJECT_ROOT\Experiments\outputs\experiment_06_gradcam_interpretability\heatmaps\correct\pneumonia_or_opacity\1752_gradcam.png
1513,pneumonia_or_opacity,normal,False,0.9971331357955933,0.029355734586715698,0.11017551273107529,0.9999995231628418,144,143,PROJECT_ROOT\images_normalized\1513_IM-0333-1001.dcm.png,PROJECT_ROOT\images_normalized\1513_IM-0333-2001.dcm.png,PROJECT_ROOT\Experiments\outputs\experiment_06_gradcam_interpretability\heatmaps\incorrect\pneumonia_or_opacity\1513_gradcam.png
2328,normal,normal,True,0.9983715415000916,0.0,0.0,0.0,0,0,PROJECT_ROOT\images_normalized\2328_IM-0898-1001.dcm.png,PROJECT_ROOT\images_normalized\2328_IM-0898-2001.dcm.png,PROJECT_ROOT\Experiments\outputs\experiment_06_gradcam_interpretability\heatmaps\correct\normal\2328_gradcam.png
2747,pleural_effusion,normal,False,0.964320182800293,0.0,0.0,0.0,0,0,PROJECT_ROOT\images_normalized\2747_IM-1198-1001.dcm.png,PROJECT_ROOT\images_normalized\2747_IM-1198-2001.dcm.png,PROJECT_ROOT\Experiments\outputs\experiment_06_gradcam_interpretability\heatmaps\incorrect\pleural_effusion\2747_gradcam.png
3706,normal,pneumonia_or_opacity,False,0.6433939337730408,0.19377626478672028,0.26440486311912537,0.9999997615814209,79,144,PROJECT_ROOT\images_normalized\3706_IM-1851-1001.dcm.png,PROJECT_ROOT\images_normalized\3706_IM-1851-2001.dcm.png,PROJECT_ROOT\Experiments\outputs\experiment_06_gradcam_interpretability\heatmaps\incorrect\normal\3706_gradcam.png
3551,normal,normal,True,0.999595582485199,0.0,0.0,0.0,0,0,PROJECT_ROOT\images_normalized\3551_IM-1740-12012.dcm.png,PROJECT_ROOT\images_normalized\3551_IM-1740-1001.dcm.png,PROJECT_ROOT\Experiments\outputs\experiment_06_gradcam_interpretability\heatmaps\correct\normal\3551_gradcam.png
1007,normal,normal,True,0.9990014433860779,0.0,0.0,0.0,0,0,PROJECT_ROOT\images_normalized\1007_IM-0008-3001.dcm.png,PROJECT_ROOT\images_normalized\1007_IM-0008-2001.dcm.png,PROJECT_ROOT\Experiments\outputs\experiment_06_gradcam_interpretability\heatmaps\correct\normal\1007_gradcam.png
2580,normal,normal,True,0.9973481893539429,0.02106115035712719,0.09597772359848022,0.9999983906745911,111,79,PROJECT_ROOT\images_normalized\2580_IM-1078-1001.dcm.png,PROJECT_ROOT\images_normalized\2580_IM-1078-2001.dcm.png,PROJECT_ROOT\Experiments\outputs\experiment_06_gradcam_interpretability\heatmaps\correct\normal\2580_gradcam.png
1586,normal,normal,True,0.6541067957878113,0.08070039749145508,0.1929698884487152,0.9999997019767761,144,112,PROJECT_ROOT\images_normalized\1586_IM-0380-1001.dcm.png,PROJECT_ROOT\images_normalized\1586_IM-0380-2001.dcm.png,PROJECT_ROOT\Experiments\outputs\experiment_06_gradcam_interpretability\heatmaps\correct\normal\1586_gradcam.png
2803,normal,normal,True,0.9959773421287537,0.0,0.0,0.0,0,0,PROJECT_ROOT\images_normalized\2803_IM-1234-1001.dcm.png,PROJECT_ROOT\images_normalized\2803_IM-1234-2001.dcm.png,PROJECT_ROOT\Experiments\outputs\experiment_06_gradcam_interpretability\heatmaps\correct\normal\2803_gradcam.png
3389,normal,normal,True,0.9998660087585449,0.05004845932126045,0.15348529815673828,0.9999992847442627,112,111,PROJECT_ROOT\images_normalized\3389_IM-1634-1001.dcm.png,PROJECT_ROOT\images_normalized\3389_IM-1634-2001.dcm.png,PROJECT_ROOT\Experiments\outputs\experiment_06_gradcam_interpretability\heatmaps\correct\normal\3389_gradcam.png
2615,cardiomegaly,normal,False,0.6130134463310242,0.0,0.0,0.0,0,0,PROJECT_ROOT\images_normalized\2615_IM-1106-1001.dcm.png,PROJECT_ROOT\images_normalized\2615_IM-1106-2001.dcm.png,PROJECT_ROOT\Experiments\outputs\experiment_06_gradcam_interpretability\heatmaps\incorrect\cardiomegaly\2615_gradcam.png
2538,normal,normal,True,0.9999090433120728,0.0,0.0,0.0,0,0,PROJECT_ROOT\images_normalized\2538_IM-1050-1001.dcm.png,PROJECT_ROOT\images_normalized\2538_IM-1050-1002.dcm.png,PROJECT_ROOT\Experiments\outputs\experiment_06_gradcam_interpretability\heatmaps\correct\normal\2538_gradcam.png
2955,cardiomegaly,cardiomegaly,True,0.5616773366928101,0.4113747477531433,0.22484104335308075,0.9999999403953552,112,48,PROJECT_ROOT\images_normalized\2955_IM-1352-4004.dcm.png,PROJECT_ROOT\images_normalized\2955_IM-1352-1001.dcm.png,PROJECT_ROOT\Experiments\outputs\experiment_06_gradcam_interpretability\heatmaps\correct\cardiomegaly\2955_gradcam.png
3249,pleural_effusion,pleural_effusion,True,0.9654305577278137,0.13192565739154816,0.2413305938243866,0.9999999403953552,175,144,PROJECT_ROOT\images_normalized\3249_IM-1539-1001.dcm.png,PROJECT_ROOT\images_normalized\3249_IM-1539-2001.dcm.png,PROJECT_ROOT\Experiments\outputs\experiment_06_gradcam_interpretability\heatmaps\correct\pleural_effusion\3249_gradcam.png
3320,normal,normal,True,0.9922590851783752,0.0,0.0,0.0,0,0,PROJECT_ROOT\images_normalized\3320_IM-1588-1001.dcm.png,PROJECT_ROOT\images_normalized\3320_IM-1588-1002.dcm.png,PROJECT_ROOT\Experiments\outputs\experiment_06_gradcam_interpretability\heatmaps\correct\normal\3320_gradcam.png
3521,chronic_lung_disease,chronic_lung_disease,True,0.8867586255073547,0.3867717683315277,0.2665426731109619,0.9999998807907104,79,112,PROJECT_ROOT\images_normalized\3521_IM-1719-4001.dcm.png,PROJECT_ROOT\images_normalized\3521_IM-1719-2001.dcm.png,PROJECT_ROOT\Experiments\outputs\experiment_06_gradcam_interpretability\heatmaps\correct\chronic_lung_disease\3521_gradcam.png
855,chronic_lung_disease,normal,False,0.9994076490402222,0.0,0.0,0.0,0,0,PROJECT_ROOT\images_normalized\855_IM-2376-1001.dcm.png,PROJECT_ROOT\images_normalized\855_IM-2376-2001.dcm.png,PROJECT_ROOT\Experiments\outputs\experiment_06_gradcam_interpretability\heatmaps\incorrect\chronic_lung_disease\855_gradcam.png
412,normal,normal,True,0.9962590932846069,0.0,0.0,0.0,0,0,PROJECT_ROOT\images_normalized\412_IM-2056-2001.dcm.png,PROJECT_ROOT\images_normalized\412_IM-2056-1001.dcm.png,PROJECT_ROOT\Experiments\outputs\experiment_06_gradcam_interpretability\heatmaps\correct\normal\412_gradcam.png
856,cardiomegaly,cardiomegaly,True,0.9719783663749695,0.3039310574531555,0.21522659063339233,0.9999998807907104,47,47,PROJECT_ROOT\images_normalized\856_IM-2377-1001.dcm.png,PROJECT_ROOT\images_normalized\856_IM-2377-2001.dcm.png,PROJECT_ROOT\Experiments\outputs\experiment_06_gradcam_interpretability\heatmaps\correct\cardiomegaly\856_gradcam.png
435,normal,normal,True,0.9985803365707397,0.029884109273552895,0.11146478354930878,0.9999991059303284,143,143,PROJECT_ROOT\images_normalized\435_IM-2075-1001.dcm.png,PROJECT_ROOT\images_normalized\435_IM-2075-2001.dcm.png,PROJECT_ROOT\Experiments\outputs\experiment_06_gradcam_interpretability\heatmaps\correct\normal\435_gradcam.png
1937,normal,normal,True,0.9960501790046692,0.0,0.0,0.0,0,0,PROJECT_ROOT\images_normalized\1937_IM-0607-1001.dcm.png,PROJECT_ROOT\images_normalized\1937_IM-0607-2001.dcm.png,PROJECT_ROOT\Experiments\outputs\experiment_06_gradcam_interpretability\heatmaps\correct\normal\1937_gradcam.png
3359,normal,normal,True,0.9998637437820435,0.0,0.0,0.0,0,0,PROJECT_ROOT\images_normalized\3359_IM-1612-3001.dcm.png,PROJECT_ROOT\images_normalized\3359_IM-1612-6001.dcm.png,PROJECT_ROOT\Experiments\outputs\experiment_06_gradcam_interpretability\heatmaps\correct\normal\3359_gradcam.png
3670,normal,normal,True,0.9610007405281067,0.0,0.0,0.0,0,0,PROJECT_ROOT\images_normalized\3670_IM-1826-1001.dcm.png,PROJECT_ROOT\images_normalized\3670_IM-1826-2001.dcm.png,PROJECT_ROOT\Experiments\outputs\experiment_06_gradcam_interpretability\heatmaps\correct\normal\3670_gradcam.png
3253,normal,normal,True,0.9833258390426636,0.0,0.0,0.0,0,0,PROJECT_ROOT\images_normalized\3253_IM-1542-1001.dcm.png,PROJECT_ROOT\images_normalized\3253_IM-1542-2001.dcm.png,PROJECT_ROOT\Experiments\outputs\experiment_06_gradcam_interpretability\heatmaps\correct\normal\3253_gradcam.png
3978,normal,normal,True,0.9998109936714172,0.0,0.0,0.0,0,0,PROJECT_ROOT\images_normalized\3978_IM-2037-0001-0001.dcm.png,PROJECT_ROOT\images_normalized\3978_IM-2037-0001-0002.dcm.png,PROJECT_ROOT\Experiments\outputs\experiment_06_gradcam_interpretability\heatmaps\correct\normal\3978_gradcam.png
2614,normal,normal,True,0.990014910697937,0.0,0.0,0.0,0,0,PROJECT_ROOT\images_normalized\2614_IM-1105-1001.dcm.png,PROJECT_ROOT\images_normalized\2614_IM-1105-2001.dcm.png,PROJECT_ROOT\Experiments\outputs\experiment_06_gradcam_interpretability\heatmaps\correct\normal\2614_gradcam.png
3722,normal,normal,True,0.9995139837265015,0.0,0.0,0.0,0,0,PROJECT_ROOT\images_normalized\3722_IM-1859-1001.dcm.png,PROJECT_ROOT\images_normalized\3722_IM-1859-2001.dcm.png,PROJECT_ROOT\Experiments\outputs\experiment_06_gradcam_interpretability\heatmaps\correct\normal\3722_gradcam.png
2303,normal,normal,True,0.9550653100013733,0.0,0.0,0.0,0,0,PROJECT_ROOT\images_normalized\2303_IM-0882-1001.dcm.png,PROJECT_ROOT\images_normalized\2303_IM-0882-2001.dcm.png,PROJECT_ROOT\Experiments\outputs\experiment_06_gradcam_interpretability\heatmaps\correct\normal\2303_gradcam.png
2132,normal,normal,True,0.9998462200164795,0.0,0.0,0.0,0,0,PROJECT_ROOT\images_normalized\2132_IM-0755-1001.dcm.png,PROJECT_ROOT\images_normalized\2132_IM-0755-2001.dcm.png,PROJECT_ROOT\Experiments\outputs\experiment_06_gradcam_interpretability\heatmaps\correct\normal\2132_gradcam.png
1400,normal,normal,True,0.9997361302375793,0.04066901281476021,0.1298067718744278,0.9999991655349731,143,80,PROJECT_ROOT\images_normalized\1400_IM-0256-1001.dcm.png,PROJECT_ROOT\images_normalized\1400_IM-0256-1002.dcm.png,PROJECT_ROOT\Experiments\outputs\experiment_06_gradcam_interpretability\heatmaps\correct\normal\1400_gradcam.png
3835,normal,normal,True,0.9949034452438354,0.06073029339313507,0.17301753163337708,0.9999995827674866,175,144,PROJECT_ROOT\images_normalized\3835_IM-1938-3001.dcm.png,PROJECT_ROOT\images_normalized\3835_IM-1938-4001.dcm.png,PROJECT_ROOT\Experiments\outputs\experiment_06_gradcam_interpretability\heatmaps\correct\normal\3835_gradcam.png
1432,normal,normal,True,0.999702513217926,0.03218427300453186,0.11750297248363495,0.9999975562095642,175,112,PROJECT_ROOT\images_normalized\1432_IM-0278-1001.dcm.png,PROJECT_ROOT\images_normalized\1432_IM-0278-2001.dcm.png,PROJECT_ROOT\Experiments\outputs\experiment_06_gradcam_interpretability\heatmaps\correct\normal\1432_gradcam.png
1265,pneumonia_or_opacity,normal,False,0.9849735498428345,0.0,0.0,0.0,0,0,PROJECT_ROOT\images_normalized\1265_IM-0179-1001.dcm.png,PROJECT_ROOT\images_normalized\1265_IM-0179-2001.dcm.png,PROJECT_ROOT\Experiments\outputs\experiment_06_gradcam_interpretability\heatmaps\incorrect\pneumonia_or_opacity\1265_gradcam.png
2041,normal,normal,True,0.9994292855262756,0.0,0.0,0.0,0,0,PROJECT_ROOT\images_normalized\2041_IM-0685-1001.dcm.png,PROJECT_ROOT\images_normalized\2041_IM-0685-2001.dcm.png,PROJECT_ROOT\Experiments\outputs\experiment_06_gradcam_interpretability\heatmaps\correct\normal\2041_gradcam.png
2931,normal,pleural_effusion,False,0.40837594866752625,0.1393011510372162,0.27141448855400085,0.9999997615814209,144,208,PROJECT_ROOT\images_normalized\2931_IM-1334-1001.dcm.png,PROJECT_ROOT\images_normalized\2931_IM-1334-2001.dcm.png,PROJECT_ROOT\Experiments\outputs\experiment_06_gradcam_interpretability\heatmaps\incorrect\normal\2931_gradcam.png
2469,normal,normal,True,0.9970327615737915,0.0,0.0,0.0,0,0,PROJECT_ROOT\images_normalized\2469_IM-0999-1001.dcm.png,PROJECT_ROOT\images_normalized\2469_IM-0999-3001.dcm.png,PROJECT_ROOT\Experiments\outputs\experiment_06_gradcam_interpretability\heatmaps\correct\normal\2469_gradcam.png
1656,normal,normal,True,0.9809734225273132,0.0,0.0,0.0,0,0,PROJECT_ROOT\images_normalized\1656_IM-0431-1001.dcm.png,PROJECT_ROOT\images_normalized\1656_IM-0431-2001.dcm.png,PROJECT_ROOT\Experiments\outputs\experiment_06_gradcam_interpretability\heatmaps\correct\normal\1656_gradcam.png
3238,chronic_lung_disease,normal,False,0.4134848117828369,0.0,0.0,0.0,0,0,PROJECT_ROOT\images_normalized\3238_IM-1534-1001.dcm.png,PROJECT_ROOT\images_normalized\3238_IM-1534-3003.dcm.png,PROJECT_ROOT\Experiments\outputs\experiment_06_gradcam_interpretability\heatmaps\incorrect\chronic_lung_disease\3238_gradcam.png
1509,normal,normal,True,0.9997941851615906,0.05365830659866333,0.15631826221942902,0.9999995231628418,175,144,PROJECT_ROOT\images_normalized\1509_IM-0331-1001.dcm.png,PROJECT_ROOT\images_normalized\1509_IM-0331-2001.dcm.png,PROJECT_ROOT\Experiments\outputs\experiment_06_gradcam_interpretability\heatmaps\correct\normal\1509_gradcam.png
3935,pleural_effusion,normal,False,0.91672283411026,0.0,0.0,0.0,0,0,PROJECT_ROOT\images_normalized\3935_IM-2006-1001.dcm.png,PROJECT_ROOT\images_normalized\3935_IM-2006-2001.dcm.png,PROJECT_ROOT\Experiments\outputs\experiment_06_gradcam_interpretability\heatmaps\incorrect\pleural_effusion\3935_gradcam.png
1346,normal,normal,True,0.998218834400177,0.0,0.0,0.0,0,0,PROJECT_ROOT\images_normalized\1346_IM-0224-8001.dcm.png,PROJECT_ROOT\images_normalized\1346_IM-0224-2001.dcm.png,PROJECT_ROOT\Experiments\outputs\experiment_06_gradcam_interpretability\heatmaps\correct\normal\1346_gradcam.png
3773,normal,normal,True,0.999202311038971,0.0,0.0,0.0,0,0,PROJECT_ROOT\images_normalized\3773_IM-1891-1001.dcm.png,PROJECT_ROOT\images_normalized\3773_IM-1891-2001.dcm.png,PROJECT_ROOT\Experiments\outputs\experiment_06_gradcam_interpretability\heatmaps\correct\normal\3773_gradcam.png
3637,normal,normal,True,0.9958100318908691,0.06997738033533096,0.1733904331922531,0.9999997019767761,143,112,PROJECT_ROOT\images_normalized\3637_IM-1804-1001.dcm.png,PROJECT_ROOT\images_normalized\3637_IM-1804-3001.dcm.png,PROJECT_ROOT\Experiments\outputs\experiment_06_gradcam_interpretability\heatmaps\correct\normal\3637_gradcam.png
1970,cardiomegaly,normal,False,0.5271596312522888,0.0,0.0,0.0,0,0,PROJECT_ROOT\images_normalized\1970_IM-0632-1001.dcm.png,PROJECT_ROOT\images_normalized\1970_IM-0632-2001.dcm.png,PROJECT_ROOT\Experiments\outputs\experiment_06_gradcam_interpretability\heatmaps\incorrect\cardiomegaly\1970_gradcam.png
1687,normal,normal,True,0.9980751276016235,0.09630203247070312,0.19762971997261047,0.9999997615814209,144,144,PROJECT_ROOT\images_normalized\1687_IM-0450-1001.dcm.png,PROJECT_ROOT\images_normalized\1687_IM-0450-2001.dcm.png,PROJECT_ROOT\Experiments\outputs\experiment_06_gradcam_interpretability\heatmaps\correct\normal\1687_gradcam.png
2618,pneumonia_or_opacity,normal,False,0.9461286067962646,0.0,0.0,0.0,0,0,PROJECT_ROOT\images_normalized\2618_IM-1107-2001.dcm.png,PROJECT_ROOT\images_normalized\2618_IM-1107-1001.dcm.png,PROJECT_ROOT\Experiments\outputs\experiment_06_gradcam_interpretability\heatmaps\incorrect\pneumonia_or_opacity\2618_gradcam.png
1049,normal,normal,True,0.9997143149375916,0.0,0.0,0.0,0,0,PROJECT_ROOT\images_normalized\1049_IM-0036-1001.dcm.png,PROJECT_ROOT\images_normalized\1049_IM-0036-3001.dcm.png,PROJECT_ROOT\Experiments\outputs\experiment_06_gradcam_interpretability\heatmaps\correct\normal\1049_gradcam.png
1379,normal,normal,True,0.9996684789657593,0.021061155945062637,0.09597775340080261,0.9999986886978149,143,143,PROJECT_ROOT\images_normalized\1379_IM-0243-1001.dcm.png,PROJECT_ROOT\images_normalized\1379_IM-0243-2001.dcm.png,PROJECT_ROOT\Experiments\outputs\experiment_06_gradcam_interpretability\heatmaps\correct\normal\1379_gradcam.png
1248,normal,normal,True,0.9858285188674927,0.0,0.0,0.0,0,0,PROJECT_ROOT\images_normalized\1248_IM-0168-1001.dcm.png,PROJECT_ROOT\images_normalized\1248_IM-0168-2001.dcm.png,PROJECT_ROOT\Experiments\outputs\experiment_06_gradcam_interpretability\heatmaps\correct\normal\1248_gradcam.png
1318,normal,normal,True,0.9925967454910278,0.0,0.0,0.0,0,0,PROJECT_ROOT\images_normalized\1318_IM-0205-1001.dcm.png,PROJECT_ROOT\images_normalized\1318_IM-0205-2001.dcm.png,PROJECT_ROOT\Experiments\outputs\experiment_06_gradcam_interpretability\heatmaps\correct\normal\1318_gradcam.png
1429,normal,normal,True,0.9988083839416504,0.0,0.0,0.0,0,0,PROJECT_ROOT\images_normalized\1429_IM-0275-1001.dcm.png,PROJECT_ROOT\images_normalized\1429_IM-0275-2001.dcm.png,PROJECT_ROOT\Experiments\outputs\experiment_06_gradcam_interpretability\heatmaps\correct\normal\1429_gradcam.png
2114,pleural_effusion,cardiomegaly,False,0.9907186627388,0.36181890964508057,0.24300192296504974,0.9999999403953552,175,175,PROJECT_ROOT\images_normalized\2114_IM-0743-4004.dcm.png,PROJECT_ROOT\images_normalized\2114_IM-0743-1001.dcm.png,PROJECT_ROOT\Experiments\outputs\experiment_06_gradcam_interpretability\heatmaps\incorrect\pleural_effusion\2114_gradcam.png
3222,normal,cardiomegaly,False,0.7996967434883118,0.36474674940109253,0.24599993228912354,0.9999998807907104,112,79,PROJECT_ROOT\images_normalized\3222_IM-1522-1001.dcm.png,PROJECT_ROOT\images_normalized\3222_IM-1522-2001.dcm.png,PROJECT_ROOT\Experiments\outputs\experiment_06_gradcam_interpretability\heatmaps\incorrect\normal\3222_gradcam.png
1425,normal,normal,True,0.991766631603241,0.0,0.0,0.0,0,0,PROJECT_ROOT\images_normalized\1425_IM-0272-1001.dcm.png,PROJECT_ROOT\images_normalized\1425_IM-0272-1002.dcm.png,PROJECT_ROOT\Experiments\outputs\experiment_06_gradcam_interpretability\heatmaps\correct\normal\1425_gradcam.png
2034,normal,normal,True,0.9945406317710876,0.0732753798365593,0.20125383138656616,0.9999979138374329,111,144,PROJECT_ROOT\images_normalized\2034_IM-0679-2001.dcm.png,PROJECT_ROOT\images_normalized\2034_IM-0679-1001.dcm.png,PROJECT_ROOT\Experiments\outputs\experiment_06_gradcam_interpretability\heatmaps\correct\normal\2034_gradcam.png
583,pleural_effusion,normal,False,0.9991600513458252,0.04031553491950035,0.13016089797019958,0.9999992847442627,112,144,PROJECT_ROOT\images_normalized\583_IM-2180-1001.dcm.png,PROJECT_ROOT\images_normalized\583_IM-2180-2001.dcm.png,PROJECT_ROOT\Experiments\outputs\experiment_06_gradcam_interpretability\heatmaps\incorrect\pleural_effusion\583_gradcam.png
938,normal,normal,True,0.999936580657959,0.03215830773115158,0.11743120104074478,0.9999988079071045,111,143,PROJECT_ROOT\images_normalized\938_IM-2434-1001.dcm.png,PROJECT_ROOT\images_normalized\938_IM-2434-2001.dcm.png,PROJECT_ROOT\Experiments\outputs\experiment_06_gradcam_interpretability\heatmaps\correct\normal\938_gradcam.png
129,normal,normal,True,0.9988085031509399,0.0,0.0,0.0,0,0,PROJECT_ROOT\images_normalized\129_IM-0189-1001.dcm.png,PROJECT_ROOT\images_normalized\129_IM-0189-2001.dcm.png,PROJECT_ROOT\Experiments\outputs\experiment_06_gradcam_interpretability\heatmaps\correct\normal\129_gradcam.png
3876,normal,normal,True,0.9995243549346924,0.0,0.0,0.0,0,0,PROJECT_ROOT\images_normalized\3876_IM-1967-1001.dcm.png,PROJECT_ROOT\images_normalized\3876_IM-1967-2001.dcm.png,PROJECT_ROOT\Experiments\outputs\experiment_06_gradcam_interpretability\heatmaps\correct\normal\3876_gradcam.png
2780,normal,normal,True,0.9978154897689819,0.0,0.0,0.0,0,0,PROJECT_ROOT\images_normalized\2780_IM-1218-1002.dcm.png,PROJECT_ROOT\images_normalized\2780_IM-1218-1003.dcm.png,PROJECT_ROOT\Experiments\outputs\experiment_06_gradcam_interpretability\heatmaps\correct\normal\2780_gradcam.png
1871,normal,normal,True,0.9944630265235901,0.0,0.0,0.0,0,0,PROJECT_ROOT\images_normalized\1871_IM-0564-1001.dcm.png,PROJECT_ROOT\images_normalized\1871_IM-0564-2001.dcm.png,PROJECT_ROOT\Experiments\outputs\experiment_06_gradcam_interpretability\heatmaps\correct\normal\1871_gradcam.png
1303,pneumonia_or_opacity,normal,False,0.6829512715339661,0.0,0.0,0.0,0,0,PROJECT_ROOT\images_normalized\1303_IM-0199-2001-0001.dcm.png,PROJECT_ROOT\images_normalized\1303_IM-0199-2001-0002.dcm.png,PROJECT_ROOT\Experiments\outputs\experiment_06_gradcam_interpretability\heatmaps\incorrect\pneumonia_or_opacity\1303_gradcam.png
430,normal,normal,True,0.9999427795410156,0.0,0.0,0.0,0,0,PROJECT_ROOT\images_normalized\430_IM-2071-1001.dcm.png,PROJECT_ROOT\images_normalized\430_IM-2071-2001.dcm.png,PROJECT_ROOT\Experiments\outputs\experiment_06_gradcam_interpretability\heatmaps\correct\normal\430_gradcam.png
2361,normal,normal,True,0.9999393224716187,0.0,0.0,0.0,0,0,PROJECT_ROOT\images_normalized\2361_IM-0926-1001.dcm.png,PROJECT_ROOT\images_normalized\2361_IM-0926-1002.dcm.png,PROJECT_ROOT\Experiments\outputs\experiment_06_gradcam_interpretability\heatmaps\correct\normal\2361_gradcam.png
3185,normal,normal,True,0.9984996318817139,0.0,0.0,0.0,0,0,PROJECT_ROOT\images_normalized\3185_IM-1503-1001.dcm.png,PROJECT_ROOT\images_normalized\3185_IM-1503-2001.dcm.png,PROJECT_ROOT\Experiments\outputs\experiment_06_gradcam_interpretability\heatmaps\correct\normal\3185_gradcam.png
2837,pneumonia_or_opacity,normal,False,0.9998461008071899,0.0,0.0,0.0,0,0,PROJECT_ROOT\images_normalized\2837_IM-1252-1001.dcm.png,PROJECT_ROOT\images_normalized\2837_IM-1252-2001.dcm.png,PROJECT_ROOT\Experiments\outputs\experiment_06_gradcam_interpretability\heatmaps\incorrect\pneumonia_or_opacity\2837_gradcam.png
2290,normal,normal,True,0.8206509947776794,0.0,0.0,0.0,0,0,PROJECT_ROOT\images_normalized\2290_IM-0874-1001.dcm.png,PROJECT_ROOT\images_normalized\2290_IM-0874-4001.dcm.png,PROJECT_ROOT\Experiments\outputs\experiment_06_gradcam_interpretability\heatmaps\correct\normal\2290_gradcam.png
3752,cardiomegaly,normal,False,0.9319934248924255,0.0,0.0,0.0,0,0,PROJECT_ROOT\images_normalized\3752_IM-1876-6001.dcm.png,PROJECT_ROOT\images_normalized\3752_IM-1876-1001.dcm.png,PROJECT_ROOT\Experiments\outputs\experiment_06_gradcam_interpretability\heatmaps\incorrect\cardiomegaly\3752_gradcam.png
2083,normal,normal,True,0.9991814494132996,0.0,0.0,0.0,0,0,PROJECT_ROOT\images_normalized\2083_IM-0715-1001.dcm.png,PROJECT_ROOT\images_normalized\2083_IM-0715-2001.dcm.png,PROJECT_ROOT\Experiments\outputs\experiment_06_gradcam_interpretability\heatmaps\correct\normal\2083_gradcam.png
317,normal,normal,True,0.9996267557144165,0.0,0.0,0.0,0,0,PROJECT_ROOT\images_normalized\317_IM-1493-1001.dcm.png,PROJECT_ROOT\images_normalized\317_IM-1493-2001.dcm.png,PROJECT_ROOT\Experiments\outputs\experiment_06_gradcam_interpretability\heatmaps\correct\normal\317_gradcam.png
3637,normal,normal,True,0.9933903217315674,0.05024252086877823,0.15145060420036316,0.9999996423721313,144,143,PROJECT_ROOT\images_normalized\3637_IM-1804-1001.dcm.png,PROJECT_ROOT\images_normalized\3637_IM-1804-2001.dcm.png,PROJECT_ROOT\Experiments\outputs\experiment_06_gradcam_interpretability\heatmaps\correct\normal\3637_gradcam.png
3486,normal,normal,True,0.9971334934234619,0.12104383111000061,0.2374255359172821,0.9999996423721313,144,112,PROJECT_ROOT\images_normalized\3486_IM-1695-1001.dcm.png,PROJECT_ROOT\images_normalized\3486_IM-1695-2001.dcm.png,PROJECT_ROOT\Experiments\outputs\experiment_06_gradcam_interpretability\heatmaps\correct\normal\3486_gradcam.png
2992,normal,normal,True,0.9987579584121704,0.0,0.0,0.0,0,0,PROJECT_ROOT\images_normalized\2992_IM-1379-2002.dcm.png,PROJECT_ROOT\images_normalized\2992_IM-1379-3003.dcm.png,PROJECT_ROOT\Experiments\outputs\experiment_06_gradcam_interpretability\heatmaps\correct\normal\2992_gradcam.png
37,pneumonia_or_opacity,normal,False,0.9923290610313416,0.0,0.0,0.0,0,0,PROJECT_ROOT\images_normalized\37_IM-1847-0001-0002.dcm.png,PROJECT_ROOT\images_normalized\37_IM-1847-0001-0001.dcm.png,PROJECT_ROOT\Experiments\outputs\experiment_06_gradcam_interpretability\heatmaps\incorrect\pneumonia_or_opacity\37_gradcam.png
2713,pneumonia_or_opacity,normal,False,0.762482762336731,0.1112331748008728,0.21464292705059052,0.9999996423721313,143,112,PROJECT_ROOT\images_normalized\2713_IM-1180-1001.dcm.png,PROJECT_ROOT\images_normalized\2713_IM-1180-2001.dcm.png,PROJECT_ROOT\Experiments\outputs\experiment_06_gradcam_interpretability\heatmaps\incorrect\pneumonia_or_opacity\2713_gradcam.png
3819,normal,cardiomegaly,False,0.8351924419403076,0.46242979168891907,0.24479371309280396,0.9999998807907104,112,112,PROJECT_ROOT\images_normalized\3819_IM-1926-1001.dcm.png,PROJECT_ROOT\images_normalized\3819_IM-1926-2001.dcm.png,PROJECT_ROOT\Experiments\outputs\experiment_06_gradcam_interpretability\heatmaps\incorrect\normal\3819_gradcam.png
3986,normal,normal,True,0.9999841451644897,0.0,0.0,0.0,0,0,PROJECT_ROOT\images_normalized\3986_IM-2041-1001.dcm.png,PROJECT_ROOT\images_normalized\3986_IM-2041-2001.dcm.png,PROJECT_ROOT\Experiments\outputs\experiment_06_gradcam_interpretability\heatmaps\correct\normal\3986_gradcam.png
2310,normal,normal,True,0.9998005032539368,0.0,0.0,0.0,0,0,PROJECT_ROOT\images_normalized\2310_IM-0885-1001.dcm.png,PROJECT_ROOT\images_normalized\2310_IM-0885-2001.dcm.png,PROJECT_ROOT\Experiments\outputs\experiment_06_gradcam_interpretability\heatmaps\correct\normal\2310_gradcam.png
146,pneumonia_or_opacity,normal,False,0.9643589854240417,0.0,0.0,0.0,0,0,PROJECT_ROOT\images_normalized\146_IM-0298-1001-0001.dcm.png,PROJECT_ROOT\images_normalized\146_IM-0298-1001-0002.dcm.png,PROJECT_ROOT\Experiments\outputs\experiment_06_gradcam_interpretability\heatmaps\incorrect\pneumonia_or_opacity\146_gradcam.png
56,normal,normal,True,0.9998831748962402,0.0,0.0,0.0,0,0,PROJECT_ROOT\images_normalized\56_IM-2160-2002.dcm.png,PROJECT_ROOT\images_normalized\56_IM-2160-3003.dcm.png,PROJECT_ROOT\Experiments\outputs\experiment_06_gradcam_interpretability\heatmaps\correct\normal\56_gradcam.png
926,normal,normal,True,0.9999781847000122,0.036803606897592545,0.1210639700293541,0.9999992847442627,111,111,PROJECT_ROOT\images_normalized\926_IM-2425-1001.dcm.png,PROJECT_ROOT\images_normalized\926_IM-2425-2001.dcm.png,PROJECT_ROOT\Experiments\outputs\experiment_06_gradcam_interpretability\heatmaps\correct\normal\926_gradcam.png
385,normal,normal,True,0.9969531297683716,0.0665724128484726,0.15832576155662537,0.9999996423721313,143,143,PROJECT_ROOT\images_normalized\385_IM-1948-1001.dcm.png,PROJECT_ROOT\images_normalized\385_IM-1948-3001.dcm.png,PROJECT_ROOT\Experiments\outputs\experiment_06_gradcam_interpretability\heatmaps\correct\normal\385_gradcam.png
1466,normal,normal,True,0.9999552965164185,0.021061159670352936,0.0959777757525444,0.9999988675117493,79,111,PROJECT_ROOT\images_normalized\1466_IM-0302-1001.dcm.png,PROJECT_ROOT\images_normalized\1466_IM-0302-1002.dcm.png,PROJECT_ROOT\Experiments\outputs\experiment_06_gradcam_interpretability\heatmaps\correct\normal\1466_gradcam.png
753,normal,normal,True,0.9999915361404419,0.021061157807707787,0.0959777757525444,0.9999988675117493,143,143,PROJECT_ROOT\images_normalized\753_IM-2306-1001.dcm.png,PROJECT_ROOT\images_normalized\753_IM-2306-2001.dcm.png,PROJECT_ROOT\Experiments\outputs\experiment_06_gradcam_interpretability\heatmaps\correct\normal\753_gradcam.png
2644,cardiomegaly,cardiomegaly,True,0.8190470933914185,0.34155797958374023,0.259861022233963,0.9999998807907104,112,80,PROJECT_ROOT\images_normalized\2644_IM-1130-1001.dcm.png,PROJECT_ROOT\images_normalized\2644_IM-1130-2001.dcm.png,PROJECT_ROOT\Experiments\outputs\experiment_06_gradcam_interpretability\heatmaps\correct\cardiomegaly\2644_gradcam.png
3948,normal,normal,True,0.9879129528999329,0.0,0.0,0.0,0,0,PROJECT_ROOT\images_normalized\3948_IM-2017-1001.dcm.png,PROJECT_ROOT\images_normalized\3948_IM-2017-1002.dcm.png,PROJECT_ROOT\Experiments\outputs\experiment_06_gradcam_interpretability\heatmaps\correct\normal\3948_gradcam.png
631,pneumonia_or_opacity,pleural_effusion,False,0.8841643929481506,0.13707146048545837,0.23169665038585663,0.9999998211860657,143,175,PROJECT_ROOT\images_normalized\631_IM-2212-1001.dcm.png,PROJECT_ROOT\images_normalized\631_IM-2212-3001.dcm.png,PROJECT_ROOT\Experiments\outputs\experiment_06_gradcam_interpretability\heatmaps\incorrect\pneumonia_or_opacity\631_gradcam.png
3735,normal,normal,True,0.9994874000549316,0.0,0.0,0.0,0,0,PROJECT_ROOT\images_normalized\3735_IM-1866-1001.dcm.png,PROJECT_ROOT\images_normalized\3735_IM-1866-2001.dcm.png,PROJECT_ROOT\Experiments\outputs\experiment_06_gradcam_interpretability\heatmaps\correct\normal\3735_gradcam.png
3866,pneumonia_or_opacity,pneumonia_or_opacity,True,0.838423490524292,0.08619493991136551,0.19400206208229065,0.9999998211860657,176,176,PROJECT_ROOT\images_normalized\3866_IM-1959-0001-0001.dcm.png,PROJECT_ROOT\images_normalized\3866_IM-1959-0001-0002.dcm.png,PROJECT_ROOT\Experiments\outputs\experiment_06_gradcam_interpretability\heatmaps\correct\pneumonia_or_opacity\3866_gradcam.png
3098,normal,normal,True,0.9999322891235352,0.0,0.0,0.0,0,0,PROJECT_ROOT\images_normalized\3098_IM-1450-1001.dcm.png,PROJECT_ROOT\images_normalized\3098_IM-1450-1002.dcm.png,PROJECT_ROOT\Experiments\outputs\experiment_06_gradcam_interpretability\heatmaps\correct\normal\3098_gradcam.png
2809,pleural_effusion,normal,False,0.9996931552886963,0.06875143945217133,0.1643991619348526,0.9999997615814209,175,111,PROJECT_ROOT\images_normalized\2809_IM-1238-1001.dcm.png,PROJECT_ROOT\images_normalized\2809_IM-1238-2001.dcm.png,PROJECT_ROOT\Experiments\outputs\experiment_06_gradcam_interpretability\heatmaps\incorrect\pleural_effusion\2809_gradcam.png
906,normal,normal,True,0.9999839067459106,0.0,0.0,0.0,0,0,PROJECT_ROOT\images_normalized\906_IM-2411-1001.dcm.png,PROJECT_ROOT\images_normalized\906_IM-2411-2001.dcm.png,PROJECT_ROOT\Experiments\outputs\experiment_06_gradcam_interpretability\heatmaps\correct\normal\906_gradcam.png
3365,normal,normal,True,0.9993581175804138,0.021060997620224953,0.09597703814506531,0.9999911785125732,175,143,PROJECT_ROOT\images_normalized\3365_IM-1618-1001.dcm.png,PROJECT_ROOT\images_normalized\3365_IM-1618-2001.dcm.png,PROJECT_ROOT\Experiments\outputs\experiment_06_gradcam_interpretability\heatmaps\correct\normal\3365_gradcam.png
2136,normal,normal,True,0.9930399656295776,0.0,0.0,0.0,0,0,PROJECT_ROOT\images_normalized\2136_IM-0758-3001.dcm.png,PROJECT_ROOT\images_normalized\2136_IM-0758-2001.dcm.png,PROJECT_ROOT\Experiments\outputs\experiment_06_gradcam_interpretability\heatmaps\correct\normal\2136_gradcam.png
1975,normal,normal,True,0.9999688863754272,0.08795017004013062,0.19767042994499207,0.9999996423721313,144,111,PROJECT_ROOT\images_normalized\1975_IM-0634-3001.dcm.png,PROJECT_ROOT\images_normalized\1975_IM-0634-2001.dcm.png,PROJECT_ROOT\Experiments\outputs\experiment_06_gradcam_interpretability\heatmaps\correct\normal\1975_gradcam.png
210,normal,normal,True,0.9916918277740479,0.0,0.0,0.0,0,0,PROJECT_ROOT\images_normalized\210_IM-0730-1001.dcm.png,PROJECT_ROOT\images_normalized\210_IM-0730-4001.dcm.png,PROJECT_ROOT\Experiments\outputs\experiment_06_gradcam_interpretability\heatmaps\correct\normal\210_gradcam.png
3715,pleural_effusion,normal,False,0.9995631575584412,0.0,0.0,0.0,0,0,PROJECT_ROOT\images_normalized\3715_IM-1856-1001.dcm.png,PROJECT_ROOT\images_normalized\3715_IM-1856-2001.dcm.png,PROJECT_ROOT\Experiments\outputs\experiment_06_gradcam_interpretability\heatmaps\incorrect\pleural_effusion\3715_gradcam.png
1100,cardiomegaly,cardiomegaly,True,0.7448742389678955,0.2952154576778412,0.2049202024936676,0.9999998807907104,47,176,PROJECT_ROOT\images_normalized\1100_IM-0068-1001.dcm.png,PROJECT_ROOT\images_normalized\1100_IM-0068-2001.dcm.png,PROJECT_ROOT\Experiments\outputs\experiment_06_gradcam_interpretability\heatmaps\correct\cardiomegaly\1100_gradcam.png
2145,normal,normal,True,0.9636591672897339,0.0,0.0,0.0,0,0,PROJECT_ROOT\images_normalized\2145_IM-0766-1001.dcm.png,PROJECT_ROOT\images_normalized\2145_IM-0766-2001.dcm.png,PROJECT_ROOT\Experiments\outputs\experiment_06_gradcam_interpretability\heatmaps\correct\normal\2145_gradcam.png
1309,normal,normal,True,0.9970995187759399,0.0,0.0,0.0,0,0,PROJECT_ROOT\images_normalized\1309_IM-0201-1001-0001.dcm.png,PROJECT_ROOT\images_normalized\1309_IM-0201-1001-0002.dcm.png,PROJECT_ROOT\Experiments\outputs\experiment_06_gradcam_interpretability\heatmaps\correct\normal\1309_gradcam.png
62,normal,normal,True,0.9932101368904114,0.0,0.0,0.0,0,0,PROJECT_ROOT\images_normalized\62_IM-2202-4004.dcm.png,PROJECT_ROOT\images_normalized\62_IM-2202-1001.dcm.png,PROJECT_ROOT\Experiments\outputs\experiment_06_gradcam_interpretability\heatmaps\correct\normal\62_gradcam.png
2503,normal,normal,True,0.9965410828590393,0.02106088027358055,0.09597650915384293,0.9999856352806091,175,47,PROJECT_ROOT\images_normalized\2503_IM-1028-1001.dcm.png,PROJECT_ROOT\images_normalized\2503_IM-1028-2001.dcm.png,PROJECT_ROOT\Experiments\outputs\experiment_06_gradcam_interpretability\heatmaps\correct\normal\2503_gradcam.png
1171,pneumonia_or_opacity,cardiomegaly,False,0.8557267189025879,0.4547537565231323,0.23768261075019836,0.9999998807907104,175,144,PROJECT_ROOT\images_normalized\1171_IM-0116-1001.dcm.png,PROJECT_ROOT\images_normalized\1171_IM-0116-1002.dcm.png,PROJECT_ROOT\Experiments\outputs\experiment_06_gradcam_interpretability\heatmaps\incorrect\pneumonia_or_opacity\1171_gradcam.png
3873,pleural_effusion,normal,False,0.999809205532074,0.0,0.0,0.0,0,0,PROJECT_ROOT\images_normalized\3873_IM-1965-1001.dcm.png,PROJECT_ROOT\images_normalized\3873_IM-1965-3001.dcm.png,PROJECT_ROOT\Experiments\outputs\experiment_06_gradcam_interpretability\heatmaps\incorrect\pleural_effusion\3873_gradcam.png
2263,cardiomegaly,normal,False,0.9986366629600525,0.0,0.0,0.0,0,0,PROJECT_ROOT\images_normalized\2263_IM-0853-1001.dcm.png,PROJECT_ROOT\images_normalized\2263_IM-0853-4001.dcm.png,PROJECT_ROOT\Experiments\outputs\experiment_06_gradcam_interpretability\heatmaps\incorrect\cardiomegaly\2263_gradcam.png
2946,normal,normal,True,0.9915614724159241,0.0,0.0,0.0,0,0,PROJECT_ROOT\images_normalized\2946_IM-1346-1001.dcm.png,PROJECT_ROOT\images_normalized\2946_IM-1346-2001.dcm.png,PROJECT_ROOT\Experiments\outputs\experiment_06_gradcam_interpretability\heatmaps\correct\normal\2946_gradcam.png
3300,normal,normal,True,0.9904815554618835,0.0,0.0,0.0,0,0,PROJECT_ROOT\images_normalized\3300_IM-1578-1001.dcm.png,PROJECT_ROOT\images_normalized\3300_IM-1578-2001.dcm.png,PROJECT_ROOT\Experiments\outputs\experiment_06_gradcam_interpretability\heatmaps\correct\normal\3300_gradcam.png
52,normal,normal,True,0.9999436140060425,0.0,0.0,0.0,0,0,PROJECT_ROOT\images_normalized\52_IM-2131-1001.dcm.png,PROJECT_ROOT\images_normalized\52_IM-2131-2001.dcm.png,PROJECT_ROOT\Experiments\outputs\experiment_06_gradcam_interpretability\heatmaps\correct\normal\52_gradcam.png
1174,pleural_effusion,normal,False,0.9978085160255432,0.0,0.0,0.0,0,0,PROJECT_ROOT\images_normalized\1174_IM-0118-1001.dcm.png,PROJECT_ROOT\images_normalized\1174_IM-0118-2001.dcm.png,PROJECT_ROOT\Experiments\outputs\experiment_06_gradcam_interpretability\heatmaps\incorrect\pleural_effusion\1174_gradcam.png
3816,normal,pneumonia_or_opacity,False,0.3912922739982605,0.1500885933637619,0.2304583489894867,0.9999999403953552,80,111,PROJECT_ROOT\images_normalized\3816_IM-1925-1001.dcm.png,PROJECT_ROOT\images_normalized\3816_IM-1925-2001.dcm.png,PROJECT_ROOT\Experiments\outputs\experiment_06_gradcam_interpretability\heatmaps\incorrect\normal\3816_gradcam.png
3595,cardiomegaly,pleural_effusion,False,0.9963046312332153,0.3035954535007477,0.2587680220603943,1.0,143,175,PROJECT_ROOT\images_normalized\3595_IM-1773-0001-0001.dcm.png,PROJECT_ROOT\images_normalized\3595_IM-1773-0001-0002.dcm.png,PROJECT_ROOT\Experiments\outputs\experiment_06_gradcam_interpretability\heatmaps\incorrect\cardiomegaly\3595_gradcam.png
2572,normal,normal,True,0.9958198070526123,0.0,0.0,0.0,0,0,PROJECT_ROOT\images_normalized\2572_IM-1073-1001.dcm.png,PROJECT_ROOT\images_normalized\2572_IM-1073-2001.dcm.png,PROJECT_ROOT\Experiments\outputs\experiment_06_gradcam_interpretability\heatmaps\correct\normal\2572_gradcam.png
3095,cardiomegaly,pneumonia_or_opacity,False,0.7128017544746399,0.24935241043567657,0.30101534724235535,0.9999997615814209,47,48,PROJECT_ROOT\images_normalized\3095_IM-1448-1001.dcm.png,PROJECT_ROOT\images_normalized\3095_IM-1448-2001.dcm.png,PROJECT_ROOT\Experiments\outputs\experiment_06_gradcam_interpretability\heatmaps\incorrect\cardiomegaly\3095_gradcam.png
2169,chronic_lung_disease,chronic_lung_disease,True,0.9188305735588074,0.39668896794319153,0.24020490050315857,0.9999999403953552,79,79,PROJECT_ROOT\images_normalized\2169_IM-0785-0001-0003.dcm.png,PROJECT_ROOT\images_normalized\2169_IM-0785-0001-0001.dcm.png,PROJECT_ROOT\Experiments\outputs\experiment_06_gradcam_interpretability\heatmaps\correct\chronic_lung_disease\2169_gradcam.png
3355,normal,cardiomegaly,False,0.9904838800430298,0.30626410245895386,0.28414055705070496,0.9999998807907104,175,143,PROJECT_ROOT\images_normalized\3355_IM-1609-1001.dcm.png,PROJECT_ROOT\images_normalized\3355_IM-1609-1002.dcm.png,PROJECT_ROOT\Experiments\outputs\experiment_06_gradcam_interpretability\heatmaps\incorrect\normal\3355_gradcam.png
6,normal,normal,True,0.960527777671814,0.0,0.0,0.0,0,0,PROJECT_ROOT\images_normalized\6_IM-2192-1001.dcm.png,PROJECT_ROOT\images_normalized\6_IM-2192-2001.dcm.png,PROJECT_ROOT\Experiments\outputs\experiment_06_gradcam_interpretability\heatmaps\correct\normal\6_gradcam.png
233,pleural_effusion,pleural_effusion,True,0.9985581040382385,0.06364999711513519,0.17672860622406006,0.9999988079071045,48,112,PROJECT_ROOT\images_normalized\233_IM-0899-1001.dcm.png,PROJECT_ROOT\images_normalized\233_IM-0899-2001.dcm.png,PROJECT_ROOT\Experiments\outputs\experiment_06_gradcam_interpretability\heatmaps\correct\pleural_effusion\233_gradcam.png
1324,normal,normal,True,0.999725878238678,0.0,0.0,0.0,0,0,PROJECT_ROOT\images_normalized\1324_IM-0209-1001.dcm.png,PROJECT_ROOT\images_normalized\1324_IM-0209-2001.dcm.png,PROJECT_ROOT\Experiments\outputs\experiment_06_gradcam_interpretability\heatmaps\correct\normal\1324_gradcam.png
1735,normal,cardiomegaly,False,0.4992080330848694,0.31725287437438965,0.2937307357788086,0.9999998211860657,176,175,PROJECT_ROOT\images_normalized\1735_IM-0484-1001.dcm.png,PROJECT_ROOT\images_normalized\1735_IM-0484-2001.dcm.png,PROJECT_ROOT\Experiments\outputs\experiment_06_gradcam_interpretability\heatmaps\incorrect\normal\1735_gradcam.png
2319,normal,normal,True,0.9997476935386658,0.0,0.0,0.0,0,0,PROJECT_ROOT\images_normalized\2319_IM-0892-3003.dcm.png,PROJECT_ROOT\images_normalized\2319_IM-0892-2002.dcm.png,PROJECT_ROOT\Experiments\outputs\experiment_06_gradcam_interpretability\heatmaps\correct\normal\2319_gradcam.png
1090,normal,normal,True,0.9994243383407593,0.0,0.0,0.0,0,0,PROJECT_ROOT\images_normalized\1090_IM-0062-1001.dcm.png,PROJECT_ROOT\images_normalized\1090_IM-0062-1002.dcm.png,PROJECT_ROOT\Experiments\outputs\experiment_06_gradcam_interpretability\heatmaps\correct\normal\1090_gradcam.png
3726,normal,normal,True,0.9985941052436829,0.0,0.0,0.0,0,0,PROJECT_ROOT\images_normalized\3726_IM-1862-1001.dcm.png,PROJECT_ROOT\images_normalized\3726_IM-1862-1002.dcm.png,PROJECT_ROOT\Experiments\outputs\experiment_06_gradcam_interpretability\heatmaps\correct\normal\3726_gradcam.png
1552,normal,normal,True,0.9983636736869812,0.0,0.0,0.0,0,0,PROJECT_ROOT\images_normalized\1552_IM-0360-1001.dcm.png,PROJECT_ROOT\images_normalized\1552_IM-0360-2001.dcm.png,PROJECT_ROOT\Experiments\outputs\experiment_06_gradcam_interpretability\heatmaps\correct\normal\1552_gradcam.png
1623,normal,normal,True,0.9956943988800049,0.0,0.0,0.0,0,0,PROJECT_ROOT\images_normalized\1623_IM-0405-4004.dcm.png,PROJECT_ROOT\images_normalized\1623_IM-0405-1001.dcm.png,PROJECT_ROOT\Experiments\outputs\experiment_06_gradcam_interpretability\heatmaps\correct\normal\1623_gradcam.png
398,normal,normal,True,0.9998410940170288,0.021061144769191742,0.09597770869731903,0.9999982118606567,143,143,PROJECT_ROOT\images_normalized\398_IM-2039-1001.dcm.png,PROJECT_ROOT\images_normalized\398_IM-2039-2001.dcm.png,PROJECT_ROOT\Experiments\outputs\experiment_06_gradcam_interpretability\heatmaps\correct\normal\398_gradcam.png
618,normal,normal,True,0.9986112117767334,0.021060094237327576,0.0959729254245758,0.9999483227729797,79,79,PROJECT_ROOT\images_normalized\618_IM-2201-1001.dcm.png,PROJECT_ROOT\images_normalized\618_IM-2201-2001.dcm.png,PROJECT_ROOT\Experiments\outputs\experiment_06_gradcam_interpretability\heatmaps\correct\normal\618_gradcam.png
1257,cardiomegaly,normal,False,0.9912827014923096,0.02106100507080555,0.09597707539796829,0.9999915957450867,143,143,PROJECT_ROOT\images_normalized\1257_IM-0174-1001.dcm.png,PROJECT_ROOT\images_normalized\1257_IM-0174-2001.dcm.png,PROJECT_ROOT\Experiments\outputs\experiment_06_gradcam_interpretability\heatmaps\incorrect\cardiomegaly\1257_gradcam.png
